[     108ms] [WARNING] The key "maximum-scale-1.0" is not recognized and ignored. @ https://www.machuda.kr/learning/certification/%EB%B9%85%EB%8D%B0%EC%9D%B4%ED%84%B0%EB%B6%84%EC%84%9D%EA%B8%B0%EC%82%AC/written/pastExam:0
[     379ms] [INFO] [Notifly] Notifly SDK is not initialized. Requested command will be executed as soon as the SDK is initialized. @ https://www.machuda.kr/_next/static/chunks/pages/_app-4df02a410eaa6a00.js:0
[     411ms] [INFO] [Notifly] Notifly SDK is not initialized. Requested command will be executed as soon as the SDK is initialized. @ https://www.machuda.kr/_next/static/chunks/pages/_app-4df02a410eaa6a00.js:0
[     412ms] [INFO] [Notifly] Notifly SDK is not initialized. Requested command will be executed as soon as the SDK is initialized. @ https://www.machuda.kr/_next/static/chunks/pages/_app-4df02a410eaa6a00.js:0
[     423ms] [WARNING] <meta name="apple-mobile-web-app-capable" content="yes"> is deprecated. Please include <meta name="mobile-web-app-capable" content="yes"> @ https://www.machuda.kr/learning/certification/%EB%B9%85%EB%8D%B0%EC%9D%B4%ED%84%B0%EB%B6%84%EC%84%9D%EA%B8%B0%EC%82%AC/written/pastExam:0
[     438ms] [INFO] [Notifly] Notifly SDK is not initialized. Requested command will be executed as soon as the SDK is initialized. @ https://www.machuda.kr/_next/static/chunks/pages/_app-4df02a410eaa6a00.js:0
[     439ms] [LOG] 🔍 [getPartnerNameByDomain] 입력: {hostname: www.machuda.kr, normalized: www.machuda.kr} @ https://www.machuda.kr/_next/static/chunks/pages/_app-4df02a410eaa6a00.js:0
[     440ms] [LOG]   ❌ 결과: null @ https://www.machuda.kr/_next/static/chunks/pages/_app-4df02a410eaa6a00.js:0
[     529ms] [INFO] [Notifly] Notifly SDK is not initialized. Requested command will be executed as soon as the SDK is initialized. @ https://www.machuda.kr/_next/static/chunks/pages/_app-4df02a410eaa6a00.js:0
[     529ms] [INFO] [Notifly] Notifly SDK is not initialized. Requested command will be executed as soon as the SDK is initialized. @ https://www.machuda.kr/_next/static/chunks/pages/_app-4df02a410eaa6a00.js:0
[     529ms] [INFO] [Notifly] Notifly SDK is not initialized. Requested command will be executed as soon as the SDK is initialized. @ https://www.machuda.kr/_next/static/chunks/pages/_app-4df02a410eaa6a00.js:0
[     529ms] [INFO] [Notifly] Notifly SDK is not initialized. Requested command will be executed as soon as the SDK is initialized. @ https://www.machuda.kr/_next/static/chunks/pages/_app-4df02a410eaa6a00.js:0
[   24647ms] [WARNING] The key "maximum-scale-1.0" is not recognized and ignored. @ https://www.machuda.kr/learning/certification/%EB%B9%85%EB%8D%B0%EC%9D%B4%ED%84%B0%EB%B6%84%EC%84%9D%EA%B8%B0%EC%82%AC/written/pastExam:0
[   24743ms] [INFO] [Notifly] Notifly SDK is not initialized. Requested command will be executed as soon as the SDK is initialized. @ https://www.machuda.kr/_next/static/chunks/pages/_app-4df02a410eaa6a00.js:0
[   24757ms] [INFO] [Notifly] Notifly SDK is not initialized. Requested command will be executed as soon as the SDK is initialized. @ https://www.machuda.kr/_next/static/chunks/pages/_app-4df02a410eaa6a00.js:0
[   24757ms] [INFO] [Notifly] Notifly SDK is not initialized. Requested command will be executed as soon as the SDK is initialized. @ https://www.machuda.kr/_next/static/chunks/pages/_app-4df02a410eaa6a00.js:0
[   24766ms] [INFO] [Notifly] Notifly SDK is not initialized. Requested command will be executed as soon as the SDK is initialized. @ https://www.machuda.kr/_next/static/chunks/pages/_app-4df02a410eaa6a00.js:0
[   24767ms] [LOG] 🔍 [getPartnerNameByDomain] 입력: {hostname: www.machuda.kr, normalized: www.machuda.kr} @ https://www.machuda.kr/_next/static/chunks/pages/_app-4df02a410eaa6a00.js:0
[   24767ms] [LOG]   ❌ 결과: null @ https://www.machuda.kr/_next/static/chunks/pages/_app-4df02a410eaa6a00.js:0
[   24769ms] [WARNING] <meta name="apple-mobile-web-app-capable" content="yes"> is deprecated. Please include <meta name="mobile-web-app-capable" content="yes"> @ https://www.machuda.kr/learning/certification/%EB%B9%85%EB%8D%B0%EC%9D%B4%ED%84%B0%EB%B6%84%EC%84%9D%EA%B8%B0%EC%82%AC/written/pastExam:0
[   24814ms] [INFO] [Notifly] Notifly SDK is not initialized. Requested command will be executed as soon as the SDK is initialized. @ https://www.machuda.kr/_next/static/chunks/pages/_app-4df02a410eaa6a00.js:0
[   24814ms] [INFO] [Notifly] Notifly SDK is not initialized. Requested command will be executed as soon as the SDK is initialized. @ https://www.machuda.kr/_next/static/chunks/pages/_app-4df02a410eaa6a00.js:0
[   24814ms] [INFO] [Notifly] Notifly SDK is not initialized. Requested command will be executed as soon as the SDK is initialized. @ https://www.machuda.kr/_next/static/chunks/pages/_app-4df02a410eaa6a00.js:0
[   24814ms] [INFO] [Notifly] Notifly SDK is not initialized. Requested command will be executed as soon as the SDK is initialized. @ https://www.machuda.kr/_next/static/chunks/pages/_app-4df02a410eaa6a00.js:0
[   29280ms] [WARNING] The key "maximum-scale-1.0" is not recognized and ignored. @ https://www.machuda.kr/learning/certification/%EB%B9%85%EB%8D%B0%EC%9D%B4%ED%84%B0%EB%B6%84%EC%84%9D%EA%B8%B0%EC%82%AC/written/pastExam:0
[   29322ms] [INFO] [Notifly] Notifly SDK is not initialized. Requested command will be executed as soon as the SDK is initialized. @ https://www.machuda.kr/_next/static/chunks/pages/_app-4df02a410eaa6a00.js:0
[   29334ms] [INFO] [Notifly] Notifly SDK is not initialized. Requested command will be executed as soon as the SDK is initialized. @ https://www.machuda.kr/_next/static/chunks/pages/_app-4df02a410eaa6a00.js:0
[   29334ms] [INFO] [Notifly] Notifly SDK is not initialized. Requested command will be executed as soon as the SDK is initialized. @ https://www.machuda.kr/_next/static/chunks/pages/_app-4df02a410eaa6a00.js:0
[   29341ms] [INFO] [Notifly] Notifly SDK is not initialized. Requested command will be executed as soon as the SDK is initialized. @ https://www.machuda.kr/_next/static/chunks/pages/_app-4df02a410eaa6a00.js:0
[   29342ms] [LOG] 🔍 [getPartnerNameByDomain] 입력: {hostname: www.machuda.kr, normalized: www.machuda.kr} @ https://www.machuda.kr/_next/static/chunks/pages/_app-4df02a410eaa6a00.js:0
[   29342ms] [LOG]   ❌ 결과: null @ https://www.machuda.kr/_next/static/chunks/pages/_app-4df02a410eaa6a00.js:0
[   29344ms] [WARNING] <meta name="apple-mobile-web-app-capable" content="yes"> is deprecated. Please include <meta name="mobile-web-app-capable" content="yes"> @ https://www.machuda.kr/learning/certification/%EB%B9%85%EB%8D%B0%EC%9D%B4%ED%84%B0%EB%B6%84%EC%84%9D%EA%B8%B0%EC%82%AC/written/pastExam:0
[   29380ms] [INFO] [Notifly] Notifly SDK is not initialized. Requested command will be executed as soon as the SDK is initialized. @ https://www.machuda.kr/_next/static/chunks/pages/_app-4df02a410eaa6a00.js:0
[   29380ms] [INFO] [Notifly] Notifly SDK is not initialized. Requested command will be executed as soon as the SDK is initialized. @ https://www.machuda.kr/_next/static/chunks/pages/_app-4df02a410eaa6a00.js:0
[   29380ms] [INFO] [Notifly] Notifly SDK is not initialized. Requested command will be executed as soon as the SDK is initialized. @ https://www.machuda.kr/_next/static/chunks/pages/_app-4df02a410eaa6a00.js:0
[   29381ms] [INFO] [Notifly] Notifly SDK is not initialized. Requested command will be executed as soon as the SDK is initialized. @ https://www.machuda.kr/_next/static/chunks/pages/_app-4df02a410eaa6a00.js:0
[   33307ms] [WARNING] The key "maximum-scale-1.0" is not recognized and ignored. @ https://www.machuda.kr/learning/certification/%EB%B9%85%EB%8D%B0%EC%9D%B4%ED%84%B0%EB%B6%84%EC%84%9D%EA%B8%B0%EC%82%AC/written/pastExam:0
[   33347ms] [INFO] [Notifly] Notifly SDK is not initialized. Requested command will be executed as soon as the SDK is initialized. @ https://www.machuda.kr/_next/static/chunks/pages/_app-4df02a410eaa6a00.js:0
[   33359ms] [INFO] [Notifly] Notifly SDK is not initialized. Requested command will be executed as soon as the SDK is initialized. @ https://www.machuda.kr/_next/static/chunks/pages/_app-4df02a410eaa6a00.js:0
[   33360ms] [INFO] [Notifly] Notifly SDK is not initialized. Requested command will be executed as soon as the SDK is initialized. @ https://www.machuda.kr/_next/static/chunks/pages/_app-4df02a410eaa6a00.js:0
[   33367ms] [INFO] [Notifly] Notifly SDK is not initialized. Requested command will be executed as soon as the SDK is initialized. @ https://www.machuda.kr/_next/static/chunks/pages/_app-4df02a410eaa6a00.js:0
[   33368ms] [LOG] 🔍 [getPartnerNameByDomain] 입력: {hostname: www.machuda.kr, normalized: www.machuda.kr} @ https://www.machuda.kr/_next/static/chunks/pages/_app-4df02a410eaa6a00.js:0
[   33368ms] [LOG]   ❌ 결과: null @ https://www.machuda.kr/_next/static/chunks/pages/_app-4df02a410eaa6a00.js:0
[   33370ms] [WARNING] <meta name="apple-mobile-web-app-capable" content="yes"> is deprecated. Please include <meta name="mobile-web-app-capable" content="yes"> @ https://www.machuda.kr/learning/certification/%EB%B9%85%EB%8D%B0%EC%9D%B4%ED%84%B0%EB%B6%84%EC%84%9D%EA%B8%B0%EC%82%AC/written/pastExam:0
[   33410ms] [INFO] [Notifly] Notifly SDK is not initialized. Requested command will be executed as soon as the SDK is initialized. @ https://www.machuda.kr/_next/static/chunks/pages/_app-4df02a410eaa6a00.js:0
[   33410ms] [INFO] [Notifly] Notifly SDK is not initialized. Requested command will be executed as soon as the SDK is initialized. @ https://www.machuda.kr/_next/static/chunks/pages/_app-4df02a410eaa6a00.js:0
[   33410ms] [INFO] [Notifly] Notifly SDK is not initialized. Requested command will be executed as soon as the SDK is initialized. @ https://www.machuda.kr/_next/static/chunks/pages/_app-4df02a410eaa6a00.js:0
[   33410ms] [INFO] [Notifly] Notifly SDK is not initialized. Requested command will be executed as soon as the SDK is initialized. @ https://www.machuda.kr/_next/static/chunks/pages/_app-4df02a410eaa6a00.js:0
[   37369ms] [WARNING] The key "maximum-scale-1.0" is not recognized and ignored. @ https://www.machuda.kr/learning/certification/%EB%B9%85%EB%8D%B0%EC%9D%B4%ED%84%B0%EB%B6%84%EC%84%9D%EA%B8%B0%EC%82%AC/written/pastExam:0
[   37409ms] [INFO] [Notifly] Notifly SDK is not initialized. Requested command will be executed as soon as the SDK is initialized. @ https://www.machuda.kr/_next/static/chunks/pages/_app-4df02a410eaa6a00.js:0
[   37421ms] [INFO] [Notifly] Notifly SDK is not initialized. Requested command will be executed as soon as the SDK is initialized. @ https://www.machuda.kr/_next/static/chunks/pages/_app-4df02a410eaa6a00.js:0
[   37421ms] [INFO] [Notifly] Notifly SDK is not initialized. Requested command will be executed as soon as the SDK is initialized. @ https://www.machuda.kr/_next/static/chunks/pages/_app-4df02a410eaa6a00.js:0
[   37428ms] [INFO] [Notifly] Notifly SDK is not initialized. Requested command will be executed as soon as the SDK is initialized. @ https://www.machuda.kr/_next/static/chunks/pages/_app-4df02a410eaa6a00.js:0
[   37429ms] [LOG] 🔍 [getPartnerNameByDomain] 입력: {hostname: www.machuda.kr, normalized: www.machuda.kr} @ https://www.machuda.kr/_next/static/chunks/pages/_app-4df02a410eaa6a00.js:0
[   37429ms] [LOG]   ❌ 결과: null @ https://www.machuda.kr/_next/static/chunks/pages/_app-4df02a410eaa6a00.js:0
[   37431ms] [WARNING] <meta name="apple-mobile-web-app-capable" content="yes"> is deprecated. Please include <meta name="mobile-web-app-capable" content="yes"> @ https://www.machuda.kr/learning/certification/%EB%B9%85%EB%8D%B0%EC%9D%B4%ED%84%B0%EB%B6%84%EC%84%9D%EA%B8%B0%EC%82%AC/written/pastExam:0
[   37473ms] [INFO] [Notifly] Notifly SDK is not initialized. Requested command will be executed as soon as the SDK is initialized. @ https://www.machuda.kr/_next/static/chunks/pages/_app-4df02a410eaa6a00.js:0
[   37474ms] [INFO] [Notifly] Notifly SDK is not initialized. Requested command will be executed as soon as the SDK is initialized. @ https://www.machuda.kr/_next/static/chunks/pages/_app-4df02a410eaa6a00.js:0
[   37474ms] [INFO] [Notifly] Notifly SDK is not initialized. Requested command will be executed as soon as the SDK is initialized. @ https://www.machuda.kr/_next/static/chunks/pages/_app-4df02a410eaa6a00.js:0
[   37474ms] [INFO] [Notifly] Notifly SDK is not initialized. Requested command will be executed as soon as the SDK is initialized. @ https://www.machuda.kr/_next/static/chunks/pages/_app-4df02a410eaa6a00.js:0
[   41407ms] [WARNING] The key "maximum-scale-1.0" is not recognized and ignored. @ https://www.machuda.kr/learning/certification/%EB%B9%85%EB%8D%B0%EC%9D%B4%ED%84%B0%EB%B6%84%EC%84%9D%EA%B8%B0%EC%82%AC/written/pastExam:0
[   41452ms] [INFO] [Notifly] Notifly SDK is not initialized. Requested command will be executed as soon as the SDK is initialized. @ https://www.machuda.kr/_next/static/chunks/pages/_app-4df02a410eaa6a00.js:0
[   41465ms] [INFO] [Notifly] Notifly SDK is not initialized. Requested command will be executed as soon as the SDK is initialized. @ https://www.machuda.kr/_next/static/chunks/pages/_app-4df02a410eaa6a00.js:0
[   41465ms] [INFO] [Notifly] Notifly SDK is not initialized. Requested command will be executed as soon as the SDK is initialized. @ https://www.machuda.kr/_next/static/chunks/pages/_app-4df02a410eaa6a00.js:0
[   41474ms] [INFO] [Notifly] Notifly SDK is not initialized. Requested command will be executed as soon as the SDK is initialized. @ https://www.machuda.kr/_next/static/chunks/pages/_app-4df02a410eaa6a00.js:0
[   41475ms] [LOG] 🔍 [getPartnerNameByDomain] 입력: {hostname: www.machuda.kr, normalized: www.machuda.kr} @ https://www.machuda.kr/_next/static/chunks/pages/_app-4df02a410eaa6a00.js:0
[   41475ms] [LOG]   ❌ 결과: null @ https://www.machuda.kr/_next/static/chunks/pages/_app-4df02a410eaa6a00.js:0
[   41477ms] [WARNING] <meta name="apple-mobile-web-app-capable" content="yes"> is deprecated. Please include <meta name="mobile-web-app-capable" content="yes"> @ https://www.machuda.kr/learning/certification/%EB%B9%85%EB%8D%B0%EC%9D%B4%ED%84%B0%EB%B6%84%EC%84%9D%EA%B8%B0%EC%82%AC/written/pastExam:0
[   41546ms] [INFO] [Notifly] Notifly SDK is not initialized. Requested command will be executed as soon as the SDK is initialized. @ https://www.machuda.kr/_next/static/chunks/pages/_app-4df02a410eaa6a00.js:0
[   41546ms] [INFO] [Notifly] Notifly SDK is not initialized. Requested command will be executed as soon as the SDK is initialized. @ https://www.machuda.kr/_next/static/chunks/pages/_app-4df02a410eaa6a00.js:0
[   41546ms] [INFO] [Notifly] Notifly SDK is not initialized. Requested command will be executed as soon as the SDK is initialized. @ https://www.machuda.kr/_next/static/chunks/pages/_app-4df02a410eaa6a00.js:0
[   41547ms] [INFO] [Notifly] Notifly SDK is not initialized. Requested command will be executed as soon as the SDK is initialized. @ https://www.machuda.kr/_next/static/chunks/pages/_app-4df02a410eaa6a00.js:0
[   45461ms] [WARNING] The key "maximum-scale-1.0" is not recognized and ignored. @ https://www.machuda.kr/learning/certification/%EB%B9%85%EB%8D%B0%EC%9D%B4%ED%84%B0%EB%B6%84%EC%84%9D%EA%B8%B0%EC%82%AC/written/pastExam:0
[   45506ms] [INFO] [Notifly] Notifly SDK is not initialized. Requested command will be executed as soon as the SDK is initialized. @ https://www.machuda.kr/_next/static/chunks/pages/_app-4df02a410eaa6a00.js:0
[   45521ms] [INFO] [Notifly] Notifly SDK is not initialized. Requested command will be executed as soon as the SDK is initialized. @ https://www.machuda.kr/_next/static/chunks/pages/_app-4df02a410eaa6a00.js:0
[   45521ms] [INFO] [Notifly] Notifly SDK is not initialized. Requested command will be executed as soon as the SDK is initialized. @ https://www.machuda.kr/_next/static/chunks/pages/_app-4df02a410eaa6a00.js:0
[   45529ms] [INFO] [Notifly] Notifly SDK is not initialized. Requested command will be executed as soon as the SDK is initialized. @ https://www.machuda.kr/_next/static/chunks/pages/_app-4df02a410eaa6a00.js:0
[   45529ms] [LOG] 🔍 [getPartnerNameByDomain] 입력: {hostname: www.machuda.kr, normalized: www.machuda.kr} @ https://www.machuda.kr/_next/static/chunks/pages/_app-4df02a410eaa6a00.js:0
[   45530ms] [LOG]   ❌ 결과: null @ https://www.machuda.kr/_next/static/chunks/pages/_app-4df02a410eaa6a00.js:0
[   45531ms] [WARNING] <meta name="apple-mobile-web-app-capable" content="yes"> is deprecated. Please include <meta name="mobile-web-app-capable" content="yes"> @ https://www.machuda.kr/learning/certification/%EB%B9%85%EB%8D%B0%EC%9D%B4%ED%84%B0%EB%B6%84%EC%84%9D%EA%B8%B0%EC%82%AC/written/pastExam:0
[   45607ms] [INFO] [Notifly] Notifly SDK is not initialized. Requested command will be executed as soon as the SDK is initialized. @ https://www.machuda.kr/_next/static/chunks/pages/_app-4df02a410eaa6a00.js:0
[   45607ms] [INFO] [Notifly] Notifly SDK is not initialized. Requested command will be executed as soon as the SDK is initialized. @ https://www.machuda.kr/_next/static/chunks/pages/_app-4df02a410eaa6a00.js:0
[   45608ms] [INFO] [Notifly] Notifly SDK is not initialized. Requested command will be executed as soon as the SDK is initialized. @ https://www.machuda.kr/_next/static/chunks/pages/_app-4df02a410eaa6a00.js:0
[   45608ms] [INFO] [Notifly] Notifly SDK is not initialized. Requested command will be executed as soon as the SDK is initialized. @ https://www.machuda.kr/_next/static/chunks/pages/_app-4df02a410eaa6a00.js:0
[   49493ms] [WARNING] The key "maximum-scale-1.0" is not recognized and ignored. @ https://www.machuda.kr/learning/certification/%EB%B9%85%EB%8D%B0%EC%9D%B4%ED%84%B0%EB%B6%84%EC%84%9D%EA%B8%B0%EC%82%AC/written/pastExam:0
[   49540ms] [INFO] [Notifly] Notifly SDK is not initialized. Requested command will be executed as soon as the SDK is initialized. @ https://www.machuda.kr/_next/static/chunks/pages/_app-4df02a410eaa6a00.js:0
[   49553ms] [INFO] [Notifly] Notifly SDK is not initialized. Requested command will be executed as soon as the SDK is initialized. @ https://www.machuda.kr/_next/static/chunks/pages/_app-4df02a410eaa6a00.js:0
[   49553ms] [INFO] [Notifly] Notifly SDK is not initialized. Requested command will be executed as soon as the SDK is initialized. @ https://www.machuda.kr/_next/static/chunks/pages/_app-4df02a410eaa6a00.js:0
[   49561ms] [INFO] [Notifly] Notifly SDK is not initialized. Requested command will be executed as soon as the SDK is initialized. @ https://www.machuda.kr/_next/static/chunks/pages/_app-4df02a410eaa6a00.js:0
[   49561ms] [LOG] 🔍 [getPartnerNameByDomain] 입력: {hostname: www.machuda.kr, normalized: www.machuda.kr} @ https://www.machuda.kr/_next/static/chunks/pages/_app-4df02a410eaa6a00.js:0
[   49561ms] [LOG]   ❌ 결과: null @ https://www.machuda.kr/_next/static/chunks/pages/_app-4df02a410eaa6a00.js:0
[   49563ms] [WARNING] <meta name="apple-mobile-web-app-capable" content="yes"> is deprecated. Please include <meta name="mobile-web-app-capable" content="yes"> @ https://www.machuda.kr/learning/certification/%EB%B9%85%EB%8D%B0%EC%9D%B4%ED%84%B0%EB%B6%84%EC%84%9D%EA%B8%B0%EC%82%AC/written/pastExam:0
[   49611ms] [INFO] [Notifly] Notifly SDK is not initialized. Requested command will be executed as soon as the SDK is initialized. @ https://www.machuda.kr/_next/static/chunks/pages/_app-4df02a410eaa6a00.js:0
[   49611ms] [INFO] [Notifly] Notifly SDK is not initialized. Requested command will be executed as soon as the SDK is initialized. @ https://www.machuda.kr/_next/static/chunks/pages/_app-4df02a410eaa6a00.js:0
[   49611ms] [INFO] [Notifly] Notifly SDK is not initialized. Requested command will be executed as soon as the SDK is initialized. @ https://www.machuda.kr/_next/static/chunks/pages/_app-4df02a410eaa6a00.js:0
[   49611ms] [INFO] [Notifly] Notifly SDK is not initialized. Requested command will be executed as soon as the SDK is initialized. @ https://www.machuda.kr/_next/static/chunks/pages/_app-4df02a410eaa6a00.js:0
[   74527ms] [WARNING] The key "maximum-scale-1.0" is not recognized and ignored. @ https://www.machuda.kr/learning/certification/%EB%B9%85%EB%8D%B0%EC%9D%B4%ED%84%B0%EB%B6%84%EC%84%9D%EA%B8%B0%EC%82%AC/written/pastExam/practice/study?page=1&pastExamId=2049&title=2021%EB%85%84%EB%8F%84%203%ED%9A%8C%EC%B0%A8:0
[   74593ms] [INFO] [Notifly] Notifly SDK is not initialized. Requested command will be executed as soon as the SDK is initialized. @ https://www.machuda.kr/_next/static/chunks/pages/_app-4df02a410eaa6a00.js:0
[   74618ms] [INFO] [Notifly] Notifly SDK is not initialized. Requested command will be executed as soon as the SDK is initialized. @ https://www.machuda.kr/_next/static/chunks/pages/_app-4df02a410eaa6a00.js:0
[   74618ms] [INFO] [Notifly] Notifly SDK is not initialized. Requested command will be executed as soon as the SDK is initialized. @ https://www.machuda.kr/_next/static/chunks/pages/_app-4df02a410eaa6a00.js:0
[   74624ms] [WARNING] <meta name="apple-mobile-web-app-capable" content="yes"> is deprecated. Please include <meta name="mobile-web-app-capable" content="yes"> @ https://www.machuda.kr/learning/certification/%EB%B9%85%EB%8D%B0%EC%9D%B4%ED%84%B0%EB%B6%84%EC%84%9D%EA%B8%B0%EC%82%AC/written/pastExam/practice/study?page=1&pastExamId=2049&title=2021%EB%85%84%EB%8F%84%203%ED%9A%8C%EC%B0%A8:0
[   74640ms] [INFO] [Notifly] Notifly SDK is not initialized. Requested command will be executed as soon as the SDK is initialized. @ https://www.machuda.kr/_next/static/chunks/pages/_app-4df02a410eaa6a00.js:0
[   74642ms] [LOG] 🔍 [getPartnerNameByDomain] 입력: {hostname: www.machuda.kr, normalized: www.machuda.kr} @ https://www.machuda.kr/_next/static/chunks/pages/_app-4df02a410eaa6a00.js:0
[   74642ms] [LOG]   ❌ 결과: null @ https://www.machuda.kr/_next/static/chunks/pages/_app-4df02a410eaa6a00.js:0
[   74690ms] [INFO] [Notifly] Notifly SDK is not initialized. Requested command will be executed as soon as the SDK is initialized. @ https://www.machuda.kr/_next/static/chunks/pages/_app-4df02a410eaa6a00.js:0
[   74690ms] [INFO] [Notifly] Notifly SDK is not initialized. Requested command will be executed as soon as the SDK is initialized. @ https://www.machuda.kr/_next/static/chunks/pages/_app-4df02a410eaa6a00.js:0
[   74690ms] [INFO] [Notifly] Notifly SDK is not initialized. Requested command will be executed as soon as the SDK is initialized. @ https://www.machuda.kr/_next/static/chunks/pages/_app-4df02a410eaa6a00.js:0
[   74690ms] [INFO] [Notifly] Notifly SDK is not initialized. Requested command will be executed as soon as the SDK is initialized. @ https://www.machuda.kr/_next/static/chunks/pages/_app-4df02a410eaa6a00.js:0
[  264613ms] [WARNING] The key "maximum-scale-1.0" is not recognized and ignored. @ https://www.machuda.kr/learning/certification/%EB%B9%85%EB%8D%B0%EC%9D%B4%ED%84%B0%EB%B6%84%EC%84%9D%EA%B8%B0%EC%82%AC/written/pastExam/practice/study?page=1&pastExamId=2050&title=2022%EB%85%84%EB%8F%84%204%ED%9A%8C%EC%B0%A8:0
[  264935ms] [INFO] [Notifly] Notifly SDK is not initialized. Requested command will be executed as soon as the SDK is initialized. @ https://www.machuda.kr/_next/static/chunks/pages/_app-4df02a410eaa6a00.js:0
[  264997ms] [INFO] [Notifly] Notifly SDK is not initialized. Requested command will be executed as soon as the SDK is initialized. @ https://www.machuda.kr/_next/static/chunks/pages/_app-4df02a410eaa6a00.js:0
[  264997ms] [INFO] [Notifly] Notifly SDK is not initialized. Requested command will be executed as soon as the SDK is initialized. @ https://www.machuda.kr/_next/static/chunks/pages/_app-4df02a410eaa6a00.js:0
[  265019ms] [WARNING] <meta name="apple-mobile-web-app-capable" content="yes"> is deprecated. Please include <meta name="mobile-web-app-capable" content="yes"> @ https://www.machuda.kr/learning/certification/%EB%B9%85%EB%8D%B0%EC%9D%B4%ED%84%B0%EB%B6%84%EC%84%9D%EA%B8%B0%EC%82%AC/written/pastExam/practice/study?page=1&pastExamId=2050&title=2022%EB%85%84%EB%8F%84%204%ED%9A%8C%EC%B0%A8:0
[  265043ms] [INFO] [Notifly] Notifly SDK is not initialized. Requested command will be executed as soon as the SDK is initialized. @ https://www.machuda.kr/_next/static/chunks/pages/_app-4df02a410eaa6a00.js:0
[  265045ms] [LOG] 🔍 [getPartnerNameByDomain] 입력: {hostname: www.machuda.kr, normalized: www.machuda.kr} @ https://www.machuda.kr/_next/static/chunks/pages/_app-4df02a410eaa6a00.js:0
[  265045ms] [LOG]   ❌ 결과: null @ https://www.machuda.kr/_next/static/chunks/pages/_app-4df02a410eaa6a00.js:0
[  265136ms] [INFO] [Notifly] Notifly SDK is not initialized. Requested command will be executed as soon as the SDK is initialized. @ https://www.machuda.kr/_next/static/chunks/pages/_app-4df02a410eaa6a00.js:0
[  265136ms] [INFO] [Notifly] Notifly SDK is not initialized. Requested command will be executed as soon as the SDK is initialized. @ https://www.machuda.kr/_next/static/chunks/pages/_app-4df02a410eaa6a00.js:0
[  265137ms] [INFO] [Notifly] Notifly SDK is not initialized. Requested command will be executed as soon as the SDK is initialized. @ https://www.machuda.kr/_next/static/chunks/pages/_app-4df02a410eaa6a00.js:0
[  265137ms] [INFO] [Notifly] Notifly SDK is not initialized. Requested command will be executed as soon as the SDK is initialized. @ https://www.machuda.kr/_next/static/chunks/pages/_app-4df02a410eaa6a00.js:0
[  428522ms] [WARNING] The key "maximum-scale-1.0" is not recognized and ignored. @ https://www.machuda.kr/learning/certification/%EB%B9%85%EB%8D%B0%EC%9D%B4%ED%84%B0%EB%B6%84%EC%84%9D%EA%B8%B0%EC%82%AC/written/pastExam/practice/study?page=1&pastExamId=2051&title=2022%EB%85%84%EB%8F%84%205%ED%9A%8C%EC%B0%A8:0
[  428824ms] [INFO] [Notifly] Notifly SDK is not initialized. Requested command will be executed as soon as the SDK is initialized. @ https://www.machuda.kr/_next/static/chunks/pages/_app-4df02a410eaa6a00.js:0
[  428874ms] [INFO] [Notifly] Notifly SDK is not initialized. Requested command will be executed as soon as the SDK is initialized. @ https://www.machuda.kr/_next/static/chunks/pages/_app-4df02a410eaa6a00.js:0
[  428874ms] [INFO] [Notifly] Notifly SDK is not initialized. Requested command will be executed as soon as the SDK is initialized. @ https://www.machuda.kr/_next/static/chunks/pages/_app-4df02a410eaa6a00.js:0
[  428878ms] [WARNING] <meta name="apple-mobile-web-app-capable" content="yes"> is deprecated. Please include <meta name="mobile-web-app-capable" content="yes"> @ https://www.machuda.kr/learning/certification/%EB%B9%85%EB%8D%B0%EC%9D%B4%ED%84%B0%EB%B6%84%EC%84%9D%EA%B8%B0%EC%82%AC/written/pastExam/practice/study?page=1&pastExamId=2051&title=2022%EB%85%84%EB%8F%84%205%ED%9A%8C%EC%B0%A8:0
[  428896ms] [INFO] [Notifly] Notifly SDK is not initialized. Requested command will be executed as soon as the SDK is initialized. @ https://www.machuda.kr/_next/static/chunks/pages/_app-4df02a410eaa6a00.js:0
[  428897ms] [LOG] 🔍 [getPartnerNameByDomain] 입력: {hostname: www.machuda.kr, normalized: www.machuda.kr} @ https://www.machuda.kr/_next/static/chunks/pages/_app-4df02a410eaa6a00.js:0
[  428898ms] [LOG]   ❌ 결과: null @ https://www.machuda.kr/_next/static/chunks/pages/_app-4df02a410eaa6a00.js:0
[  428973ms] [INFO] [Notifly] Notifly SDK is not initialized. Requested command will be executed as soon as the SDK is initialized. @ https://www.machuda.kr/_next/static/chunks/pages/_app-4df02a410eaa6a00.js:0
[  428973ms] [INFO] [Notifly] Notifly SDK is not initialized. Requested command will be executed as soon as the SDK is initialized. @ https://www.machuda.kr/_next/static/chunks/pages/_app-4df02a410eaa6a00.js:0
[  428974ms] [INFO] [Notifly] Notifly SDK is not initialized. Requested command will be executed as soon as the SDK is initialized. @ https://www.machuda.kr/_next/static/chunks/pages/_app-4df02a410eaa6a00.js:0
[  428974ms] [INFO] [Notifly] Notifly SDK is not initialized. Requested command will be executed as soon as the SDK is initialized. @ https://www.machuda.kr/_next/static/chunks/pages/_app-4df02a410eaa6a00.js:0
[  474513ms] [WARNING] No character metrics for '㉠' in style 'Main-Regular' and mode 'text' @ https://www.machuda.kr/_next/static/chunks/pages/_app-4df02a410eaa6a00.js:0
[  474515ms] [WARNING] No character metrics for '㉠' in style 'Main-Regular' and mode 'text' @ https://www.machuda.kr/_next/static/chunks/pages/_app-4df02a410eaa6a00.js:0
[  614806ms] [WARNING] The key "maximum-scale-1.0" is not recognized and ignored. @ https://www.machuda.kr/learning/certification/%EB%B9%85%EB%8D%B0%EC%9D%B4%ED%84%B0%EB%B6%84%EC%84%9D%EA%B8%B0%EC%82%AC/written/pastExam/practice/study?page=1&pastExamId=2052&title=2023%EB%85%84%EB%8F%84%206%ED%9A%8C%EC%B0%A8:0
[  615099ms] [INFO] [Notifly] Notifly SDK is not initialized. Requested command will be executed as soon as the SDK is initialized. @ https://www.machuda.kr/_next/static/chunks/pages/_app-7b92a96e995b973e.js:0
[  615126ms] [INFO] [Notifly] Notifly SDK is not initialized. Requested command will be executed as soon as the SDK is initialized. @ https://www.machuda.kr/_next/static/chunks/pages/_app-7b92a96e995b973e.js:0
[  615126ms] [INFO] [Notifly] Notifly SDK is not initialized. Requested command will be executed as soon as the SDK is initialized. @ https://www.machuda.kr/_next/static/chunks/pages/_app-7b92a96e995b973e.js:0
[  615150ms] [WARNING] <meta name="apple-mobile-web-app-capable" content="yes"> is deprecated. Please include <meta name="mobile-web-app-capable" content="yes"> @ https://www.machuda.kr/learning/certification/%EB%B9%85%EB%8D%B0%EC%9D%B4%ED%84%B0%EB%B6%84%EC%84%9D%EA%B8%B0%EC%82%AC/written/pastExam/practice/study?page=1&pastExamId=2052&title=2023%EB%85%84%EB%8F%84%206%ED%9A%8C%EC%B0%A8:0
[  615170ms] [INFO] [Notifly] Notifly SDK is not initialized. Requested command will be executed as soon as the SDK is initialized. @ https://www.machuda.kr/_next/static/chunks/pages/_app-7b92a96e995b973e.js:0
[  615172ms] [LOG] 🔍 [getPartnerNameByDomain] 입력: {hostname: www.machuda.kr, normalized: www.machuda.kr} @ https://www.machuda.kr/_next/static/chunks/pages/_app-7b92a96e995b973e.js:0
[  615172ms] [LOG]   ❌ 결과: null @ https://www.machuda.kr/_next/static/chunks/pages/_app-7b92a96e995b973e.js:0
[  615250ms] [INFO] [Notifly] Notifly SDK is not initialized. Requested command will be executed as soon as the SDK is initialized. @ https://www.machuda.kr/_next/static/chunks/pages/_app-7b92a96e995b973e.js:0
[  615251ms] [INFO] [Notifly] Notifly SDK is not initialized. Requested command will be executed as soon as the SDK is initialized. @ https://www.machuda.kr/_next/static/chunks/pages/_app-7b92a96e995b973e.js:0
[  615251ms] [INFO] [Notifly] Notifly SDK is not initialized. Requested command will be executed as soon as the SDK is initialized. @ https://www.machuda.kr/_next/static/chunks/pages/_app-7b92a96e995b973e.js:0
[  615251ms] [INFO] [Notifly] Notifly SDK is not initialized. Requested command will be executed as soon as the SDK is initialized. @ https://www.machuda.kr/_next/static/chunks/pages/_app-7b92a96e995b973e.js:0
[  772744ms] [WARNING] The key "maximum-scale-1.0" is not recognized and ignored. @ https://www.machuda.kr/learning/certification/%EB%B9%85%EB%8D%B0%EC%9D%B4%ED%84%B0%EB%B6%84%EC%84%9D%EA%B8%B0%EC%82%AC/written/pastExam/practice/study?page=1&pastExamId=2053&title=2023%EB%85%84%EB%8F%84%207%ED%9A%8C%EC%B0%A8:0
[  772988ms] [INFO] [Notifly] Notifly SDK is not initialized. Requested command will be executed as soon as the SDK is initialized. @ https://www.machuda.kr/_next/static/chunks/pages/_app-7b92a96e995b973e.js:0
[  773030ms] [INFO] [Notifly] Notifly SDK is not initialized. Requested command will be executed as soon as the SDK is initialized. @ https://www.machuda.kr/_next/static/chunks/pages/_app-7b92a96e995b973e.js:0
[  773031ms] [INFO] [Notifly] Notifly SDK is not initialized. Requested command will be executed as soon as the SDK is initialized. @ https://www.machuda.kr/_next/static/chunks/pages/_app-7b92a96e995b973e.js:0
[  773037ms] [WARNING] <meta name="apple-mobile-web-app-capable" content="yes"> is deprecated. Please include <meta name="mobile-web-app-capable" content="yes"> @ https://www.machuda.kr/learning/certification/%EB%B9%85%EB%8D%B0%EC%9D%B4%ED%84%B0%EB%B6%84%EC%84%9D%EA%B8%B0%EC%82%AC/written/pastExam/practice/study?page=1&pastExamId=2053&title=2023%EB%85%84%EB%8F%84%207%ED%9A%8C%EC%B0%A8:0
[  773049ms] [INFO] [Notifly] Notifly SDK is not initialized. Requested command will be executed as soon as the SDK is initialized. @ https://www.machuda.kr/_next/static/chunks/pages/_app-7b92a96e995b973e.js:0
[  773050ms] [LOG] 🔍 [getPartnerNameByDomain] 입력: {hostname: www.machuda.kr, normalized: www.machuda.kr} @ https://www.machuda.kr/_next/static/chunks/pages/_app-7b92a96e995b973e.js:0
[  773050ms] [LOG]   ❌ 결과: null @ https://www.machuda.kr/_next/static/chunks/pages/_app-7b92a96e995b973e.js:0
[  773107ms] [INFO] [Notifly] Notifly SDK is not initialized. Requested command will be executed as soon as the SDK is initialized. @ https://www.machuda.kr/_next/static/chunks/pages/_app-7b92a96e995b973e.js:0
[  773108ms] [INFO] [Notifly] Notifly SDK is not initialized. Requested command will be executed as soon as the SDK is initialized. @ https://www.machuda.kr/_next/static/chunks/pages/_app-7b92a96e995b973e.js:0
[  773108ms] [INFO] [Notifly] Notifly SDK is not initialized. Requested command will be executed as soon as the SDK is initialized. @ https://www.machuda.kr/_next/static/chunks/pages/_app-7b92a96e995b973e.js:0
[  773108ms] [INFO] [Notifly] Notifly SDK is not initialized. Requested command will be executed as soon as the SDK is initialized. @ https://www.machuda.kr/_next/static/chunks/pages/_app-7b92a96e995b973e.js:0
[  931989ms] [WARNING] The key "maximum-scale-1.0" is not recognized and ignored. @ https://www.machuda.kr/learning/certification/%EB%B9%85%EB%8D%B0%EC%9D%B4%ED%84%B0%EB%B6%84%EC%84%9D%EA%B8%B0%EC%82%AC/written/pastExam/practice/study?page=1&pastExamId=2054&title=2024%EB%85%84%EB%8F%84%208%ED%9A%8C%EC%B0%A8:0
[  932086ms] [INFO] [Notifly] Notifly SDK is not initialized. Requested command will be executed as soon as the SDK is initialized. @ https://www.machuda.kr/_next/static/chunks/pages/_app-7b92a96e995b973e.js:0
[  932125ms] [INFO] [Notifly] Notifly SDK is not initialized. Requested command will be executed as soon as the SDK is initialized. @ https://www.machuda.kr/_next/static/chunks/pages/_app-7b92a96e995b973e.js:0
[  932125ms] [INFO] [Notifly] Notifly SDK is not initialized. Requested command will be executed as soon as the SDK is initialized. @ https://www.machuda.kr/_next/static/chunks/pages/_app-7b92a96e995b973e.js:0
[  932132ms] [WARNING] <meta name="apple-mobile-web-app-capable" content="yes"> is deprecated. Please include <meta name="mobile-web-app-capable" content="yes"> @ https://www.machuda.kr/learning/certification/%EB%B9%85%EB%8D%B0%EC%9D%B4%ED%84%B0%EB%B6%84%EC%84%9D%EA%B8%B0%EC%82%AC/written/pastExam/practice/study?page=1&pastExamId=2054&title=2024%EB%85%84%EB%8F%84%208%ED%9A%8C%EC%B0%A8:0
[  932145ms] [INFO] [Notifly] Notifly SDK is not initialized. Requested command will be executed as soon as the SDK is initialized. @ https://www.machuda.kr/_next/static/chunks/pages/_app-7b92a96e995b973e.js:0
[  932146ms] [LOG] 🔍 [getPartnerNameByDomain] 입력: {hostname: www.machuda.kr, normalized: www.machuda.kr} @ https://www.machuda.kr/_next/static/chunks/pages/_app-7b92a96e995b973e.js:0
[  932146ms] [LOG]   ❌ 결과: null @ https://www.machuda.kr/_next/static/chunks/pages/_app-7b92a96e995b973e.js:0
[ 1121497ms] [WARNING] The key "maximum-scale-1.0" is not recognized and ignored. @ https://www.machuda.kr/learning/certification/%EB%B9%85%EB%8D%B0%EC%9D%B4%ED%84%B0%EB%B6%84%EC%84%9D%EA%B8%B0%EC%82%AC/written/pastExam/practice/study?page=1&pastExamId=2052&title=2023%EB%85%84%EB%8F%84%206%ED%9A%8C%EC%B0%A8:0
[ 1121788ms] [INFO] [Notifly] Notifly SDK is not initialized. Requested command will be executed as soon as the SDK is initialized. @ https://www.machuda.kr/_next/static/chunks/pages/_app-7b92a96e995b973e.js:0
[ 1121839ms] [INFO] [Notifly] Notifly SDK is not initialized. Requested command will be executed as soon as the SDK is initialized. @ https://www.machuda.kr/_next/static/chunks/pages/_app-7b92a96e995b973e.js:0
[ 1121840ms] [INFO] [Notifly] Notifly SDK is not initialized. Requested command will be executed as soon as the SDK is initialized. @ https://www.machuda.kr/_next/static/chunks/pages/_app-7b92a96e995b973e.js:0
[ 1121848ms] [WARNING] <meta name="apple-mobile-web-app-capable" content="yes"> is deprecated. Please include <meta name="mobile-web-app-capable" content="yes"> @ https://www.machuda.kr/learning/certification/%EB%B9%85%EB%8D%B0%EC%9D%B4%ED%84%B0%EB%B6%84%EC%84%9D%EA%B8%B0%EC%82%AC/written/pastExam/practice/study?page=1&pastExamId=2052&title=2023%EB%85%84%EB%8F%84%206%ED%9A%8C%EC%B0%A8:0
[ 1121862ms] [INFO] [Notifly] Notifly SDK is not initialized. Requested command will be executed as soon as the SDK is initialized. @ https://www.machuda.kr/_next/static/chunks/pages/_app-7b92a96e995b973e.js:0
[ 1121863ms] [LOG] 🔍 [getPartnerNameByDomain] 입력: {hostname: www.machuda.kr, normalized: www.machuda.kr} @ https://www.machuda.kr/_next/static/chunks/pages/_app-7b92a96e995b973e.js:0
[ 1121863ms] [LOG]   ❌ 결과: null @ https://www.machuda.kr/_next/static/chunks/pages/_app-7b92a96e995b973e.js:0
[ 1121943ms] [INFO] [Notifly] Notifly SDK is not initialized. Requested command will be executed as soon as the SDK is initialized. @ https://www.machuda.kr/_next/static/chunks/pages/_app-7b92a96e995b973e.js:0
[ 1121944ms] [INFO] [Notifly] Notifly SDK is not initialized. Requested command will be executed as soon as the SDK is initialized. @ https://www.machuda.kr/_next/static/chunks/pages/_app-7b92a96e995b973e.js:0
[ 1121944ms] [INFO] [Notifly] Notifly SDK is not initialized. Requested command will be executed as soon as the SDK is initialized. @ https://www.machuda.kr/_next/static/chunks/pages/_app-7b92a96e995b973e.js:0
[ 1121944ms] [INFO] [Notifly] Notifly SDK is not initialized. Requested command will be executed as soon as the SDK is initialized. @ https://www.machuda.kr/_next/static/chunks/pages/_app-7b92a96e995b973e.js:0
[ 1279335ms] [WARNING] The key "maximum-scale-1.0" is not recognized and ignored. @ https://www.machuda.kr/learning/certification/%EB%B9%85%EB%8D%B0%EC%9D%B4%ED%84%B0%EB%B6%84%EC%84%9D%EA%B8%B0%EC%82%AC/written/pastExam/practice/study?page=1&pastExamId=2053&title=2023%EB%85%84%EB%8F%84%207%ED%9A%8C%EC%B0%A8:0
[ 1279619ms] [INFO] [Notifly] Notifly SDK is not initialized. Requested command will be executed as soon as the SDK is initialized. @ https://www.machuda.kr/_next/static/chunks/pages/_app-7b92a96e995b973e.js:0
[ 1279644ms] [INFO] [Notifly] Notifly SDK is not initialized. Requested command will be executed as soon as the SDK is initialized. @ https://www.machuda.kr/_next/static/chunks/pages/_app-7b92a96e995b973e.js:0
[ 1279645ms] [INFO] [Notifly] Notifly SDK is not initialized. Requested command will be executed as soon as the SDK is initialized. @ https://www.machuda.kr/_next/static/chunks/pages/_app-7b92a96e995b973e.js:0
[ 1279665ms] [WARNING] <meta name="apple-mobile-web-app-capable" content="yes"> is deprecated. Please include <meta name="mobile-web-app-capable" content="yes"> @ https://www.machuda.kr/learning/certification/%EB%B9%85%EB%8D%B0%EC%9D%B4%ED%84%B0%EB%B6%84%EC%84%9D%EA%B8%B0%EC%82%AC/written/pastExam/practice/study?page=1&pastExamId=2053&title=2023%EB%85%84%EB%8F%84%207%ED%9A%8C%EC%B0%A8:0
[ 1279685ms] [INFO] [Notifly] Notifly SDK is not initialized. Requested command will be executed as soon as the SDK is initialized. @ https://www.machuda.kr/_next/static/chunks/pages/_app-7b92a96e995b973e.js:0
[ 1279687ms] [LOG] 🔍 [getPartnerNameByDomain] 입력: {hostname: www.machuda.kr, normalized: www.machuda.kr} @ https://www.machuda.kr/_next/static/chunks/pages/_app-7b92a96e995b973e.js:0
[ 1279687ms] [LOG]   ❌ 결과: null @ https://www.machuda.kr/_next/static/chunks/pages/_app-7b92a96e995b973e.js:0
[ 1279765ms] [INFO] [Notifly] Notifly SDK is not initialized. Requested command will be executed as soon as the SDK is initialized. @ https://www.machuda.kr/_next/static/chunks/pages/_app-7b92a96e995b973e.js:0
[ 1279765ms] [INFO] [Notifly] Notifly SDK is not initialized. Requested command will be executed as soon as the SDK is initialized. @ https://www.machuda.kr/_next/static/chunks/pages/_app-7b92a96e995b973e.js:0
[ 1279765ms] [INFO] [Notifly] Notifly SDK is not initialized. Requested command will be executed as soon as the SDK is initialized. @ https://www.machuda.kr/_next/static/chunks/pages/_app-7b92a96e995b973e.js:0
[ 1279765ms] [INFO] [Notifly] Notifly SDK is not initialized. Requested command will be executed as soon as the SDK is initialized. @ https://www.machuda.kr/_next/static/chunks/pages/_app-7b92a96e995b973e.js:0
[ 1437654ms] [WARNING] The key "maximum-scale-1.0" is not recognized and ignored. @ https://www.machuda.kr/learning/certification/%EB%B9%85%EB%8D%B0%EC%9D%B4%ED%84%B0%EB%B6%84%EC%84%9D%EA%B8%B0%EC%82%AC/written/pastExam/practice/study?page=1&pastExamId=2054&title=2024%EB%85%84%EB%8F%84%208%ED%9A%8C%EC%B0%A8:0
[ 1437938ms] [INFO] [Notifly] Notifly SDK is not initialized. Requested command will be executed as soon as the SDK is initialized. @ https://www.machuda.kr/_next/static/chunks/pages/_app-7b92a96e995b973e.js:0
[ 1437968ms] [INFO] [Notifly] Notifly SDK is not initialized. Requested command will be executed as soon as the SDK is initialized. @ https://www.machuda.kr/_next/static/chunks/pages/_app-7b92a96e995b973e.js:0
[ 1437968ms] [INFO] [Notifly] Notifly SDK is not initialized. Requested command will be executed as soon as the SDK is initialized. @ https://www.machuda.kr/_next/static/chunks/pages/_app-7b92a96e995b973e.js:0
[ 1437996ms] [WARNING] <meta name="apple-mobile-web-app-capable" content="yes"> is deprecated. Please include <meta name="mobile-web-app-capable" content="yes"> @ https://www.machuda.kr/learning/certification/%EB%B9%85%EB%8D%B0%EC%9D%B4%ED%84%B0%EB%B6%84%EC%84%9D%EA%B8%B0%EC%82%AC/written/pastExam/practice/study?page=1&pastExamId=2054&title=2024%EB%85%84%EB%8F%84%208%ED%9A%8C%EC%B0%A8:0
[ 1438015ms] [INFO] [Notifly] Notifly SDK is not initialized. Requested command will be executed as soon as the SDK is initialized. @ https://www.machuda.kr/_next/static/chunks/pages/_app-7b92a96e995b973e.js:0
[ 1438017ms] [LOG] 🔍 [getPartnerNameByDomain] 입력: {hostname: www.machuda.kr, normalized: www.machuda.kr} @ https://www.machuda.kr/_next/static/chunks/pages/_app-7b92a96e995b973e.js:0
[ 1438017ms] [LOG]   ❌ 결과: null @ https://www.machuda.kr/_next/static/chunks/pages/_app-7b92a96e995b973e.js:0
[ 1438085ms] [INFO] [Notifly] Notifly SDK is not initialized. Requested command will be executed as soon as the SDK is initialized. @ https://www.machuda.kr/_next/static/chunks/pages/_app-7b92a96e995b973e.js:0
[ 1438085ms] [INFO] [Notifly] Notifly SDK is not initialized. Requested command will be executed as soon as the SDK is initialized. @ https://www.machuda.kr/_next/static/chunks/pages/_app-7b92a96e995b973e.js:0
[ 1438085ms] [INFO] [Notifly] Notifly SDK is not initialized. Requested command will be executed as soon as the SDK is initialized. @ https://www.machuda.kr/_next/static/chunks/pages/_app-7b92a96e995b973e.js:0
[ 1438085ms] [INFO] [Notifly] Notifly SDK is not initialized. Requested command will be executed as soon as the SDK is initialized. @ https://www.machuda.kr/_next/static/chunks/pages/_app-7b92a96e995b973e.js:0
[ 1613156ms] [WARNING] The key "maximum-scale-1.0" is not recognized and ignored. @ https://www.machuda.kr/learning/certification/%EB%B9%85%EB%8D%B0%EC%9D%B4%ED%84%B0%EB%B6%84%EC%84%9D%EA%B8%B0%EC%82%AC/written/pastExam/practice/study?page=1&pastExamId=2052&title=2023%EB%85%84%EB%8F%84%206%ED%9A%8C%EC%B0%A8:0
[ 1613531ms] [INFO] [Notifly] Notifly SDK is not initialized. Requested command will be executed as soon as the SDK is initialized. @ https://www.machuda.kr/_next/static/chunks/pages/_app-7b92a96e995b973e.js:0
[ 1613580ms] [INFO] [Notifly] Notifly SDK is not initialized. Requested command will be executed as soon as the SDK is initialized. @ https://www.machuda.kr/_next/static/chunks/pages/_app-7b92a96e995b973e.js:0
[ 1613580ms] [INFO] [Notifly] Notifly SDK is not initialized. Requested command will be executed as soon as the SDK is initialized. @ https://www.machuda.kr/_next/static/chunks/pages/_app-7b92a96e995b973e.js:0
[ 1613614ms] [WARNING] <meta name="apple-mobile-web-app-capable" content="yes"> is deprecated. Please include <meta name="mobile-web-app-capable" content="yes"> @ https://www.machuda.kr/learning/certification/%EB%B9%85%EB%8D%B0%EC%9D%B4%ED%84%B0%EB%B6%84%EC%84%9D%EA%B8%B0%EC%82%AC/written/pastExam/practice/study?page=1&pastExamId=2052&title=2023%EB%85%84%EB%8F%84%206%ED%9A%8C%EC%B0%A8:0
[ 1613633ms] [INFO] [Notifly] Notifly SDK is not initialized. Requested command will be executed as soon as the SDK is initialized. @ https://www.machuda.kr/_next/static/chunks/pages/_app-7b92a96e995b973e.js:0
[ 1613635ms] [LOG] 🔍 [getPartnerNameByDomain] 입력: {hostname: www.machuda.kr, normalized: www.machuda.kr} @ https://www.machuda.kr/_next/static/chunks/pages/_app-7b92a96e995b973e.js:0
[ 1613635ms] [LOG]   ❌ 결과: null @ https://www.machuda.kr/_next/static/chunks/pages/_app-7b92a96e995b973e.js:0
[ 1613718ms] [INFO] [Notifly] Notifly SDK is not initialized. Requested command will be executed as soon as the SDK is initialized. @ https://www.machuda.kr/_next/static/chunks/pages/_app-7b92a96e995b973e.js:0
[ 1613719ms] [INFO] [Notifly] Notifly SDK is not initialized. Requested command will be executed as soon as the SDK is initialized. @ https://www.machuda.kr/_next/static/chunks/pages/_app-7b92a96e995b973e.js:0
[ 1613719ms] [INFO] [Notifly] Notifly SDK is not initialized. Requested command will be executed as soon as the SDK is initialized. @ https://www.machuda.kr/_next/static/chunks/pages/_app-7b92a96e995b973e.js:0
[ 1613719ms] [INFO] [Notifly] Notifly SDK is not initialized. Requested command will be executed as soon as the SDK is initialized. @ https://www.machuda.kr/_next/static/chunks/pages/_app-7b92a96e995b973e.js:0
[ 1770920ms] [WARNING] The key "maximum-scale-1.0" is not recognized and ignored. @ https://www.machuda.kr/learning/certification/%EB%B9%85%EB%8D%B0%EC%9D%B4%ED%84%B0%EB%B6%84%EC%84%9D%EA%B8%B0%EC%82%AC/written/pastExam/practice/study?page=1&pastExamId=2053&title=2023%EB%85%84%EB%8F%84%207%ED%9A%8C%EC%B0%A8:0
[ 1771205ms] [INFO] [Notifly] Notifly SDK is not initialized. Requested command will be executed as soon as the SDK is initialized. @ https://www.machuda.kr/_next/static/chunks/pages/_app-7b92a96e995b973e.js:0
[ 1771229ms] [INFO] [Notifly] Notifly SDK is not initialized. Requested command will be executed as soon as the SDK is initialized. @ https://www.machuda.kr/_next/static/chunks/pages/_app-7b92a96e995b973e.js:0
[ 1771229ms] [INFO] [Notifly] Notifly SDK is not initialized. Requested command will be executed as soon as the SDK is initialized. @ https://www.machuda.kr/_next/static/chunks/pages/_app-7b92a96e995b973e.js:0
[ 1771250ms] [WARNING] <meta name="apple-mobile-web-app-capable" content="yes"> is deprecated. Please include <meta name="mobile-web-app-capable" content="yes"> @ https://www.machuda.kr/learning/certification/%EB%B9%85%EB%8D%B0%EC%9D%B4%ED%84%B0%EB%B6%84%EC%84%9D%EA%B8%B0%EC%82%AC/written/pastExam/practice/study?page=1&pastExamId=2053&title=2023%EB%85%84%EB%8F%84%207%ED%9A%8C%EC%B0%A8:0
[ 1771265ms] [INFO] [Notifly] Notifly SDK is not initialized. Requested command will be executed as soon as the SDK is initialized. @ https://www.machuda.kr/_next/static/chunks/pages/_app-7b92a96e995b973e.js:0
[ 1771266ms] [LOG] 🔍 [getPartnerNameByDomain] 입력: {hostname: www.machuda.kr, normalized: www.machuda.kr} @ https://www.machuda.kr/_next/static/chunks/pages/_app-7b92a96e995b973e.js:0
[ 1771266ms] [LOG]   ❌ 결과: null @ https://www.machuda.kr/_next/static/chunks/pages/_app-7b92a96e995b973e.js:0
[ 1771332ms] [INFO] [Notifly] Notifly SDK is not initialized. Requested command will be executed as soon as the SDK is initialized. @ https://www.machuda.kr/_next/static/chunks/pages/_app-7b92a96e995b973e.js:0
[ 1771332ms] [INFO] [Notifly] Notifly SDK is not initialized. Requested command will be executed as soon as the SDK is initialized. @ https://www.machuda.kr/_next/static/chunks/pages/_app-7b92a96e995b973e.js:0
[ 1771332ms] [INFO] [Notifly] Notifly SDK is not initialized. Requested command will be executed as soon as the SDK is initialized. @ https://www.machuda.kr/_next/static/chunks/pages/_app-7b92a96e995b973e.js:0
[ 1771333ms] [INFO] [Notifly] Notifly SDK is not initialized. Requested command will be executed as soon as the SDK is initialized. @ https://www.machuda.kr/_next/static/chunks/pages/_app-7b92a96e995b973e.js:0
[ 1929115ms] [WARNING] The key "maximum-scale-1.0" is not recognized and ignored. @ https://www.machuda.kr/learning/certification/%EB%B9%85%EB%8D%B0%EC%9D%B4%ED%84%B0%EB%B6%84%EC%84%9D%EA%B8%B0%EC%82%AC/written/pastExam/practice/study?page=1&pastExamId=2054&title=2024%EB%85%84%EB%8F%84%208%ED%9A%8C%EC%B0%A8:0
[ 1929410ms] [INFO] [Notifly] Notifly SDK is not initialized. Requested command will be executed as soon as the SDK is initialized. @ https://www.machuda.kr/_next/static/chunks/pages/_app-7b92a96e995b973e.js:0
[ 1929456ms] [INFO] [Notifly] Notifly SDK is not initialized. Requested command will be executed as soon as the SDK is initialized. @ https://www.machuda.kr/_next/static/chunks/pages/_app-7b92a96e995b973e.js:0
[ 1929457ms] [INFO] [Notifly] Notifly SDK is not initialized. Requested command will be executed as soon as the SDK is initialized. @ https://www.machuda.kr/_next/static/chunks/pages/_app-7b92a96e995b973e.js:0
[ 1929476ms] [WARNING] <meta name="apple-mobile-web-app-capable" content="yes"> is deprecated. Please include <meta name="mobile-web-app-capable" content="yes"> @ https://www.machuda.kr/learning/certification/%EB%B9%85%EB%8D%B0%EC%9D%B4%ED%84%B0%EB%B6%84%EC%84%9D%EA%B8%B0%EC%82%AC/written/pastExam/practice/study?page=1&pastExamId=2054&title=2024%EB%85%84%EB%8F%84%208%ED%9A%8C%EC%B0%A8:0
[ 1929494ms] [INFO] [Notifly] Notifly SDK is not initialized. Requested command will be executed as soon as the SDK is initialized. @ https://www.machuda.kr/_next/static/chunks/pages/_app-7b92a96e995b973e.js:0
[ 1929498ms] [LOG] 🔍 [getPartnerNameByDomain] 입력: {hostname: www.machuda.kr, normalized: www.machuda.kr} @ https://www.machuda.kr/_next/static/chunks/pages/_app-7b92a96e995b973e.js:0
[ 1929498ms] [LOG]   ❌ 결과: null @ https://www.machuda.kr/_next/static/chunks/pages/_app-7b92a96e995b973e.js:0
[ 1929533ms] [INFO] [Notifly] Notifly SDK is not initialized. Requested command will be executed as soon as the SDK is initialized. @ https://www.machuda.kr/_next/static/chunks/pages/_app-7b92a96e995b973e.js:0
[ 1929533ms] [INFO] [Notifly] Notifly SDK is not initialized. Requested command will be executed as soon as the SDK is initialized. @ https://www.machuda.kr/_next/static/chunks/pages/_app-7b92a96e995b973e.js:0
[ 1929533ms] [INFO] [Notifly] Notifly SDK is not initialized. Requested command will be executed as soon as the SDK is initialized. @ https://www.machuda.kr/_next/static/chunks/pages/_app-7b92a96e995b973e.js:0
[ 1929533ms] [INFO] [Notifly] Notifly SDK is not initialized. Requested command will be executed as soon as the SDK is initialized. @ https://www.machuda.kr/_next/static/chunks/pages/_app-7b92a96e995b973e.js:0
[ 2258835ms] [WARNING] The key "maximum-scale-1.0" is not recognized and ignored. @ https://www.machuda.kr/learning/certification/%EB%B9%85%EB%8D%B0%EC%9D%B4%ED%84%B0%EB%B6%84%EC%84%9D%EA%B8%B0%EC%82%AC/written/pastExam/practice/study?page=1&pastExamId=2049&title=2021%EB%85%84%EB%8F%84%203%ED%9A%8C%EC%B0%A8:0
[ 2259195ms] [INFO] [Notifly] Notifly SDK is not initialized. Requested command will be executed as soon as the SDK is initialized. @ https://www.machuda.kr/_next/static/chunks/pages/_app-7b92a96e995b973e.js:0
[ 2259222ms] [INFO] [Notifly] Notifly SDK is not initialized. Requested command will be executed as soon as the SDK is initialized. @ https://www.machuda.kr/_next/static/chunks/pages/_app-7b92a96e995b973e.js:0
[ 2259222ms] [INFO] [Notifly] Notifly SDK is not initialized. Requested command will be executed as soon as the SDK is initialized. @ https://www.machuda.kr/_next/static/chunks/pages/_app-7b92a96e995b973e.js:0
[ 2259252ms] [WARNING] <meta name="apple-mobile-web-app-capable" content="yes"> is deprecated. Please include <meta name="mobile-web-app-capable" content="yes"> @ https://www.machuda.kr/learning/certification/%EB%B9%85%EB%8D%B0%EC%9D%B4%ED%84%B0%EB%B6%84%EC%84%9D%EA%B8%B0%EC%82%AC/written/pastExam/practice/study?page=1&pastExamId=2049&title=2021%EB%85%84%EB%8F%84%203%ED%9A%8C%EC%B0%A8:0
[ 2259276ms] [INFO] [Notifly] Notifly SDK is not initialized. Requested command will be executed as soon as the SDK is initialized. @ https://www.machuda.kr/_next/static/chunks/pages/_app-7b92a96e995b973e.js:0
[ 2259277ms] [LOG] 🔍 [getPartnerNameByDomain] 입력: {hostname: www.machuda.kr, normalized: www.machuda.kr} @ https://www.machuda.kr/_next/static/chunks/pages/_app-7b92a96e995b973e.js:0
[ 2259277ms] [LOG]   ❌ 결과: null @ https://www.machuda.kr/_next/static/chunks/pages/_app-7b92a96e995b973e.js:0
[ 2259349ms] [INFO] [Notifly] Notifly SDK is not initialized. Requested command will be executed as soon as the SDK is initialized. @ https://www.machuda.kr/_next/static/chunks/pages/_app-7b92a96e995b973e.js:0
[ 2259350ms] [INFO] [Notifly] Notifly SDK is not initialized. Requested command will be executed as soon as the SDK is initialized. @ https://www.machuda.kr/_next/static/chunks/pages/_app-7b92a96e995b973e.js:0
[ 2259350ms] [INFO] [Notifly] Notifly SDK is not initialized. Requested command will be executed as soon as the SDK is initialized. @ https://www.machuda.kr/_next/static/chunks/pages/_app-7b92a96e995b973e.js:0
[ 2259350ms] [INFO] [Notifly] Notifly SDK is not initialized. Requested command will be executed as soon as the SDK is initialized. @ https://www.machuda.kr/_next/static/chunks/pages/_app-7b92a96e995b973e.js:0
[ 2303833ms] [ERROR] Amplitude Logger [Error]: Failed to fetch (api2.amplitude.com) @ https://www.machuda.kr/_next/static/chunks/pages/_app-7b92a96e995b973e.js:0
[ 2303833ms] [WARNING] Amplitude Logger [Warn]: {code: 0, error: "Status 'failed' provided for 2 events"} @ https://www.machuda.kr/_next/static/chunks/pages/_app-7b92a96e995b973e.js:0
[ 2303840ms] [WARNING] The key "maximum-scale-1.0" is not recognized and ignored. @ https://www.machuda.kr/learning/certification/%EB%B9%85%EB%8D%B0%EC%9D%B4%ED%84%B0%EB%B6%84%EC%84%9D%EA%B8%B0%EC%82%AC/written/pastExam/practice/study?page=1&pastExamId=2050&title=2022%EB%85%84%EB%8F%84%204%ED%9A%8C%EC%B0%A8:0
[ 2303926ms] [INFO] [Notifly] Notifly SDK is not initialized. Requested command will be executed as soon as the SDK is initialized. @ https://www.machuda.kr/_next/static/chunks/pages/_app-7b92a96e995b973e.js:0
[ 2303973ms] [INFO] [Notifly] Notifly SDK is not initialized. Requested command will be executed as soon as the SDK is initialized. @ https://www.machuda.kr/_next/static/chunks/pages/_app-7b92a96e995b973e.js:0
[ 2303974ms] [INFO] [Notifly] Notifly SDK is not initialized. Requested command will be executed as soon as the SDK is initialized. @ https://www.machuda.kr/_next/static/chunks/pages/_app-7b92a96e995b973e.js:0
[ 2303980ms] [WARNING] <meta name="apple-mobile-web-app-capable" content="yes"> is deprecated. Please include <meta name="mobile-web-app-capable" content="yes"> @ https://www.machuda.kr/learning/certification/%EB%B9%85%EB%8D%B0%EC%9D%B4%ED%84%B0%EB%B6%84%EC%84%9D%EA%B8%B0%EC%82%AC/written/pastExam/practice/study?page=1&pastExamId=2050&title=2022%EB%85%84%EB%8F%84%204%ED%9A%8C%EC%B0%A8:0
[ 2303996ms] [INFO] [Notifly] Notifly SDK is not initialized. Requested command will be executed as soon as the SDK is initialized. @ https://www.machuda.kr/_next/static/chunks/pages/_app-7b92a96e995b973e.js:0
[ 2303998ms] [LOG] 🔍 [getPartnerNameByDomain] 입력: {hostname: www.machuda.kr, normalized: www.machuda.kr} @ https://www.machuda.kr/_next/static/chunks/pages/_app-7b92a96e995b973e.js:0
[ 2303999ms] [LOG]   ❌ 결과: null @ https://www.machuda.kr/_next/static/chunks/pages/_app-7b92a96e995b973e.js:0
[ 2304053ms] [INFO] [Notifly] Notifly SDK is not initialized. Requested command will be executed as soon as the SDK is initialized. @ https://www.machuda.kr/_next/static/chunks/pages/_app-7b92a96e995b973e.js:0
[ 2304054ms] [INFO] [Notifly] Notifly SDK is not initialized. Requested command will be executed as soon as the SDK is initialized. @ https://www.machuda.kr/_next/static/chunks/pages/_app-7b92a96e995b973e.js:0
[ 2304054ms] [INFO] [Notifly] Notifly SDK is not initialized. Requested command will be executed as soon as the SDK is initialized. @ https://www.machuda.kr/_next/static/chunks/pages/_app-7b92a96e995b973e.js:0
[ 2304054ms] [INFO] [Notifly] Notifly SDK is not initialized. Requested command will be executed as soon as the SDK is initialized. @ https://www.machuda.kr/_next/static/chunks/pages/_app-7b92a96e995b973e.js:0
[ 2348543ms] [WARNING] The key "maximum-scale-1.0" is not recognized and ignored. @ https://www.machuda.kr/learning/certification/%EB%B9%85%EB%8D%B0%EC%9D%B4%ED%84%B0%EB%B6%84%EC%84%9D%EA%B8%B0%EC%82%AC/written/pastExam/practice/study?page=1&pastExamId=2051&title=2022%EB%85%84%EB%8F%84%205%ED%9A%8C%EC%B0%A8:0
[ 2348621ms] [INFO] [Notifly] Notifly SDK is not initialized. Requested command will be executed as soon as the SDK is initialized. @ https://www.machuda.kr/_next/static/chunks/pages/_app-7b92a96e995b973e.js:0
[ 2348660ms] [INFO] [Notifly] Notifly SDK is not initialized. Requested command will be executed as soon as the SDK is initialized. @ https://www.machuda.kr/_next/static/chunks/pages/_app-7b92a96e995b973e.js:0
[ 2348660ms] [INFO] [Notifly] Notifly SDK is not initialized. Requested command will be executed as soon as the SDK is initialized. @ https://www.machuda.kr/_next/static/chunks/pages/_app-7b92a96e995b973e.js:0
[ 2348666ms] [WARNING] <meta name="apple-mobile-web-app-capable" content="yes"> is deprecated. Please include <meta name="mobile-web-app-capable" content="yes"> @ https://www.machuda.kr/learning/certification/%EB%B9%85%EB%8D%B0%EC%9D%B4%ED%84%B0%EB%B6%84%EC%84%9D%EA%B8%B0%EC%82%AC/written/pastExam/practice/study?page=1&pastExamId=2051&title=2022%EB%85%84%EB%8F%84%205%ED%9A%8C%EC%B0%A8:0
[ 2348686ms] [INFO] [Notifly] Notifly SDK is not initialized. Requested command will be executed as soon as the SDK is initialized. @ https://www.machuda.kr/_next/static/chunks/pages/_app-7b92a96e995b973e.js:0
[ 2348688ms] [LOG] 🔍 [getPartnerNameByDomain] 입력: {hostname: www.machuda.kr, normalized: www.machuda.kr} @ https://www.machuda.kr/_next/static/chunks/pages/_app-7b92a96e995b973e.js:0
[ 2348688ms] [LOG]   ❌ 결과: null @ https://www.machuda.kr/_next/static/chunks/pages/_app-7b92a96e995b973e.js:0
[ 2348738ms] [INFO] [Notifly] Notifly SDK is not initialized. Requested command will be executed as soon as the SDK is initialized. @ https://www.machuda.kr/_next/static/chunks/pages/_app-7b92a96e995b973e.js:0
[ 2348739ms] [INFO] [Notifly] Notifly SDK is not initialized. Requested command will be executed as soon as the SDK is initialized. @ https://www.machuda.kr/_next/static/chunks/pages/_app-7b92a96e995b973e.js:0
[ 2348739ms] [INFO] [Notifly] Notifly SDK is not initialized. Requested command will be executed as soon as the SDK is initialized. @ https://www.machuda.kr/_next/static/chunks/pages/_app-7b92a96e995b973e.js:0
[ 2348739ms] [INFO] [Notifly] Notifly SDK is not initialized. Requested command will be executed as soon as the SDK is initialized. @ https://www.machuda.kr/_next/static/chunks/pages/_app-7b92a96e995b973e.js:0
[ 2361547ms] [WARNING] No character metrics for '㉠' in style 'Main-Regular' and mode 'text' @ https://www.machuda.kr/_next/static/chunks/pages/_app-7b92a96e995b973e.js:0
[ 2361547ms] [WARNING] No character metrics for '㉠' in style 'Main-Regular' and mode 'text' @ https://www.machuda.kr/_next/static/chunks/pages/_app-7b92a96e995b973e.js:0
[ 2968218ms] [WARNING] The key "maximum-scale-1.0" is not recognized and ignored. @ https://www.machuda.kr/learning/certification/%EB%B9%85%EB%8D%B0%EC%9D%B4%ED%84%B0%EB%B6%84%EC%84%9D%EA%B8%B0%EC%82%AC/written/pastExam/practice/study?page=21&pastExamId=2050&title=2022%EB%85%84%EB%8F%84%204%ED%9A%8C%EC%B0%A8:0
[ 2968306ms] [INFO] [Notifly] Notifly SDK is not initialized. Requested command will be executed as soon as the SDK is initialized. @ https://www.machuda.kr/_next/static/chunks/pages/_app-7b92a96e995b973e.js:0
[ 2968345ms] [INFO] [Notifly] Notifly SDK is not initialized. Requested command will be executed as soon as the SDK is initialized. @ https://www.machuda.kr/_next/static/chunks/pages/_app-7b92a96e995b973e.js:0
[ 2968345ms] [INFO] [Notifly] Notifly SDK is not initialized. Requested command will be executed as soon as the SDK is initialized. @ https://www.machuda.kr/_next/static/chunks/pages/_app-7b92a96e995b973e.js:0
[ 2968352ms] [WARNING] <meta name="apple-mobile-web-app-capable" content="yes"> is deprecated. Please include <meta name="mobile-web-app-capable" content="yes"> @ https://www.machuda.kr/learning/certification/%EB%B9%85%EB%8D%B0%EC%9D%B4%ED%84%B0%EB%B6%84%EC%84%9D%EA%B8%B0%EC%82%AC/written/pastExam/practice/study?page=21&pastExamId=2050&title=2022%EB%85%84%EB%8F%84%204%ED%9A%8C%EC%B0%A8:0
[ 2968378ms] [INFO] [Notifly] Notifly SDK is not initialized. Requested command will be executed as soon as the SDK is initialized. @ https://www.machuda.kr/_next/static/chunks/pages/_app-7b92a96e995b973e.js:0
[ 2968379ms] [LOG] 🔍 [getPartnerNameByDomain] 입력: {hostname: www.machuda.kr, normalized: www.machuda.kr} @ https://www.machuda.kr/_next/static/chunks/pages/_app-7b92a96e995b973e.js:0
[ 2968379ms] [LOG]   ❌ 결과: null @ https://www.machuda.kr/_next/static/chunks/pages/_app-7b92a96e995b973e.js:0
[ 2968425ms] [INFO] [Notifly] Notifly SDK is not initialized. Requested command will be executed as soon as the SDK is initialized. @ https://www.machuda.kr/_next/static/chunks/pages/_app-7b92a96e995b973e.js:0
[ 2968425ms] [INFO] [Notifly] Notifly SDK is not initialized. Requested command will be executed as soon as the SDK is initialized. @ https://www.machuda.kr/_next/static/chunks/pages/_app-7b92a96e995b973e.js:0
[ 2968426ms] [INFO] [Notifly] Notifly SDK is not initialized. Requested command will be executed as soon as the SDK is initialized. @ https://www.machuda.kr/_next/static/chunks/pages/_app-7b92a96e995b973e.js:0
[ 2968426ms] [INFO] [Notifly] Notifly SDK is not initialized. Requested command will be executed as soon as the SDK is initialized. @ https://www.machuda.kr/_next/static/chunks/pages/_app-7b92a96e995b973e.js:0
[ 3056673ms] [WARNING] The key "maximum-scale-1.0" is not recognized and ignored. @ https://www.machuda.kr/learning/certification/%EB%B9%85%EB%8D%B0%EC%9D%B4%ED%84%B0%EB%B6%84%EC%84%9D%EA%B8%B0%EC%82%AC/written/pastExam/practice/study?page=1&pastExamId=2048&title=2021%EB%85%84%EB%8F%84%202%ED%9A%8C%EC%B0%A8:0
[ 3056765ms] [INFO] [Notifly] Notifly SDK is not initialized. Requested command will be executed as soon as the SDK is initialized. @ https://www.machuda.kr/_next/static/chunks/pages/_app-7b92a96e995b973e.js:0
[ 3056793ms] [INFO] [Notifly] Notifly SDK is not initialized. Requested command will be executed as soon as the SDK is initialized. @ https://www.machuda.kr/_next/static/chunks/pages/_app-7b92a96e995b973e.js:0
[ 3056793ms] [INFO] [Notifly] Notifly SDK is not initialized. Requested command will be executed as soon as the SDK is initialized. @ https://www.machuda.kr/_next/static/chunks/pages/_app-7b92a96e995b973e.js:0
[ 3056805ms] [WARNING] <meta name="apple-mobile-web-app-capable" content="yes"> is deprecated. Please include <meta name="mobile-web-app-capable" content="yes"> @ https://www.machuda.kr/learning/certification/%EB%B9%85%EB%8D%B0%EC%9D%B4%ED%84%B0%EB%B6%84%EC%84%9D%EA%B8%B0%EC%82%AC/written/pastExam/practice/study?page=1&pastExamId=2048&title=2021%EB%85%84%EB%8F%84%202%ED%9A%8C%EC%B0%A8:0
[ 3056836ms] [INFO] [Notifly] Notifly SDK is not initialized. Requested command will be executed as soon as the SDK is initialized. @ https://www.machuda.kr/_next/static/chunks/pages/_app-7b92a96e995b973e.js:0
[ 3056837ms] [LOG] 🔍 [getPartnerNameByDomain] 입력: {hostname: www.machuda.kr, normalized: www.machuda.kr} @ https://www.machuda.kr/_next/static/chunks/pages/_app-7b92a96e995b973e.js:0
[ 3056837ms] [LOG]   ❌ 결과: null @ https://www.machuda.kr/_next/static/chunks/pages/_app-7b92a96e995b973e.js:0
[ 3056926ms] [INFO] [Notifly] Notifly SDK is not initialized. Requested command will be executed as soon as the SDK is initialized. @ https://www.machuda.kr/_next/static/chunks/pages/_app-7b92a96e995b973e.js:0
[ 3056926ms] [INFO] [Notifly] Notifly SDK is not initialized. Requested command will be executed as soon as the SDK is initialized. @ https://www.machuda.kr/_next/static/chunks/pages/_app-7b92a96e995b973e.js:0
[ 3056926ms] [INFO] [Notifly] Notifly SDK is not initialized. Requested command will be executed as soon as the SDK is initialized. @ https://www.machuda.kr/_next/static/chunks/pages/_app-7b92a96e995b973e.js:0
[ 3056926ms] [INFO] [Notifly] Notifly SDK is not initialized. Requested command will be executed as soon as the SDK is initialized. @ https://www.machuda.kr/_next/static/chunks/pages/_app-7b92a96e995b973e.js:0
[ 3160961ms] [WARNING] The key "maximum-scale-1.0" is not recognized and ignored. @ https://www.machuda.kr/learning/certification/%EB%B9%85%EB%8D%B0%EC%9D%B4%ED%84%B0%EB%B6%84%EC%84%9D%EA%B8%B0%EC%82%AC/written/pastExam/practice/study?page=1&pastExamId=2049&title=test:0
[ 3161048ms] [INFO] [Notifly] Notifly SDK is not initialized. Requested command will be executed as soon as the SDK is initialized. @ https://www.machuda.kr/_next/static/chunks/pages/_app-7b92a96e995b973e.js:0
[ 3161097ms] [INFO] [Notifly] Notifly SDK is not initialized. Requested command will be executed as soon as the SDK is initialized. @ https://www.machuda.kr/_next/static/chunks/pages/_app-7b92a96e995b973e.js:0
[ 3161098ms] [INFO] [Notifly] Notifly SDK is not initialized. Requested command will be executed as soon as the SDK is initialized. @ https://www.machuda.kr/_next/static/chunks/pages/_app-7b92a96e995b973e.js:0
[ 3161102ms] [WARNING] <meta name="apple-mobile-web-app-capable" content="yes"> is deprecated. Please include <meta name="mobile-web-app-capable" content="yes"> @ https://www.machuda.kr/learning/certification/%EB%B9%85%EB%8D%B0%EC%9D%B4%ED%84%B0%EB%B6%84%EC%84%9D%EA%B8%B0%EC%82%AC/written/pastExam/practice/study?page=1&pastExamId=2049&title=test:0
[ 3161123ms] [INFO] [Notifly] Notifly SDK is not initialized. Requested command will be executed as soon as the SDK is initialized. @ https://www.machuda.kr/_next/static/chunks/pages/_app-7b92a96e995b973e.js:0
[ 3161124ms] [LOG] 🔍 [getPartnerNameByDomain] 입력: {hostname: www.machuda.kr, normalized: www.machuda.kr} @ https://www.machuda.kr/_next/static/chunks/pages/_app-7b92a96e995b973e.js:0
[ 3161124ms] [LOG]   ❌ 결과: null @ https://www.machuda.kr/_next/static/chunks/pages/_app-7b92a96e995b973e.js:0
[ 3161199ms] [INFO] [Notifly] Notifly SDK is not initialized. Requested command will be executed as soon as the SDK is initialized. @ https://www.machuda.kr/_next/static/chunks/pages/_app-7b92a96e995b973e.js:0
[ 3161199ms] [INFO] [Notifly] Notifly SDK is not initialized. Requested command will be executed as soon as the SDK is initialized. @ https://www.machuda.kr/_next/static/chunks/pages/_app-7b92a96e995b973e.js:0
[ 3161199ms] [INFO] [Notifly] Notifly SDK is not initialized. Requested command will be executed as soon as the SDK is initialized. @ https://www.machuda.kr/_next/static/chunks/pages/_app-7b92a96e995b973e.js:0
[ 3161199ms] [INFO] [Notifly] Notifly SDK is not initialized. Requested command will be executed as soon as the SDK is initialized. @ https://www.machuda.kr/_next/static/chunks/pages/_app-7b92a96e995b973e.js:0
[ 3197583ms] [WARNING] The key "maximum-scale-1.0" is not recognized and ignored. @ https://www.machuda.kr/learning/certification/%EB%B9%85%EB%8D%B0%EC%9D%B4%ED%84%B0%EB%B6%84%EC%84%9D%EA%B8%B0%EC%82%AC/written/pastExam/practice/study?page=1&pastExamId=2050&title=test:0
[ 3197664ms] [INFO] [Notifly] Notifly SDK is not initialized. Requested command will be executed as soon as the SDK is initialized. @ https://www.machuda.kr/_next/static/chunks/pages/_app-7b92a96e995b973e.js:0
[ 3197704ms] [INFO] [Notifly] Notifly SDK is not initialized. Requested command will be executed as soon as the SDK is initialized. @ https://www.machuda.kr/_next/static/chunks/pages/_app-7b92a96e995b973e.js:0
[ 3197704ms] [INFO] [Notifly] Notifly SDK is not initialized. Requested command will be executed as soon as the SDK is initialized. @ https://www.machuda.kr/_next/static/chunks/pages/_app-7b92a96e995b973e.js:0
[ 3197710ms] [WARNING] <meta name="apple-mobile-web-app-capable" content="yes"> is deprecated. Please include <meta name="mobile-web-app-capable" content="yes"> @ https://www.machuda.kr/learning/certification/%EB%B9%85%EB%8D%B0%EC%9D%B4%ED%84%B0%EB%B6%84%EC%84%9D%EA%B8%B0%EC%82%AC/written/pastExam/practice/study?page=1&pastExamId=2050&title=test:0
[ 3197726ms] [INFO] [Notifly] Notifly SDK is not initialized. Requested command will be executed as soon as the SDK is initialized. @ https://www.machuda.kr/_next/static/chunks/pages/_app-7b92a96e995b973e.js:0
[ 3197727ms] [LOG] 🔍 [getPartnerNameByDomain] 입력: {hostname: www.machuda.kr, normalized: www.machuda.kr} @ https://www.machuda.kr/_next/static/chunks/pages/_app-7b92a96e995b973e.js:0
[ 3197727ms] [LOG]   ❌ 결과: null @ https://www.machuda.kr/_next/static/chunks/pages/_app-7b92a96e995b973e.js:0
[ 3197785ms] [INFO] [Notifly] Notifly SDK is not initialized. Requested command will be executed as soon as the SDK is initialized. @ https://www.machuda.kr/_next/static/chunks/pages/_app-7b92a96e995b973e.js:0
[ 3197785ms] [INFO] [Notifly] Notifly SDK is not initialized. Requested command will be executed as soon as the SDK is initialized. @ https://www.machuda.kr/_next/static/chunks/pages/_app-7b92a96e995b973e.js:0
[ 3197785ms] [INFO] [Notifly] Notifly SDK is not initialized. Requested command will be executed as soon as the SDK is initialized. @ https://www.machuda.kr/_next/static/chunks/pages/_app-7b92a96e995b973e.js:0
[ 3197785ms] [INFO] [Notifly] Notifly SDK is not initialized. Requested command will be executed as soon as the SDK is initialized. @ https://www.machuda.kr/_next/static/chunks/pages/_app-7b92a96e995b973e.js:0
[ 3234308ms] [WARNING] The key "maximum-scale-1.0" is not recognized and ignored. @ https://www.machuda.kr/learning/certification/%EB%B9%85%EB%8D%B0%EC%9D%B4%ED%84%B0%EB%B6%84%EC%84%9D%EA%B8%B0%EC%82%AC/written/pastExam/practice/study?page=1&pastExamId=2051&title=test:0
[ 3234389ms] [INFO] [Notifly] Notifly SDK is not initialized. Requested command will be executed as soon as the SDK is initialized. @ https://www.machuda.kr/_next/static/chunks/pages/_app-7b92a96e995b973e.js:0
[ 3234426ms] [INFO] [Notifly] Notifly SDK is not initialized. Requested command will be executed as soon as the SDK is initialized. @ https://www.machuda.kr/_next/static/chunks/pages/_app-7b92a96e995b973e.js:0
[ 3234426ms] [INFO] [Notifly] Notifly SDK is not initialized. Requested command will be executed as soon as the SDK is initialized. @ https://www.machuda.kr/_next/static/chunks/pages/_app-7b92a96e995b973e.js:0
[ 3234432ms] [WARNING] <meta name="apple-mobile-web-app-capable" content="yes"> is deprecated. Please include <meta name="mobile-web-app-capable" content="yes"> @ https://www.machuda.kr/learning/certification/%EB%B9%85%EB%8D%B0%EC%9D%B4%ED%84%B0%EB%B6%84%EC%84%9D%EA%B8%B0%EC%82%AC/written/pastExam/practice/study?page=1&pastExamId=2051&title=test:0
[ 3234451ms] [INFO] [Notifly] Notifly SDK is not initialized. Requested command will be executed as soon as the SDK is initialized. @ https://www.machuda.kr/_next/static/chunks/pages/_app-7b92a96e995b973e.js:0
[ 3234452ms] [LOG] 🔍 [getPartnerNameByDomain] 입력: {hostname: www.machuda.kr, normalized: www.machuda.kr} @ https://www.machuda.kr/_next/static/chunks/pages/_app-7b92a96e995b973e.js:0
[ 3234452ms] [LOG]   ❌ 결과: null @ https://www.machuda.kr/_next/static/chunks/pages/_app-7b92a96e995b973e.js:0
[ 3234527ms] [INFO] [Notifly] Notifly SDK is not initialized. Requested command will be executed as soon as the SDK is initialized. @ https://www.machuda.kr/_next/static/chunks/pages/_app-7b92a96e995b973e.js:0
[ 3234527ms] [INFO] [Notifly] Notifly SDK is not initialized. Requested command will be executed as soon as the SDK is initialized. @ https://www.machuda.kr/_next/static/chunks/pages/_app-7b92a96e995b973e.js:0
[ 3234527ms] [INFO] [Notifly] Notifly SDK is not initialized. Requested command will be executed as soon as the SDK is initialized. @ https://www.machuda.kr/_next/static/chunks/pages/_app-7b92a96e995b973e.js:0
[ 3234528ms] [INFO] [Notifly] Notifly SDK is not initialized. Requested command will be executed as soon as the SDK is initialized. @ https://www.machuda.kr/_next/static/chunks/pages/_app-7b92a96e995b973e.js:0
[ 3244773ms] [WARNING] No character metrics for '㉠' in style 'Main-Regular' and mode 'text' @ https://www.machuda.kr/_next/static/chunks/pages/_app-7b92a96e995b973e.js:0
[ 3244775ms] [WARNING] No character metrics for '㉠' in style 'Main-Regular' and mode 'text' @ https://www.machuda.kr/_next/static/chunks/pages/_app-7b92a96e995b973e.js:0
[ 3270902ms] [WARNING] The key "maximum-scale-1.0" is not recognized and ignored. @ https://www.machuda.kr/learning/certification/%EB%B9%85%EB%8D%B0%EC%9D%B4%ED%84%B0%EB%B6%84%EC%84%9D%EA%B8%B0%EC%82%AC/written/pastExam/practice/study?page=1&pastExamId=2052&title=test:0
[ 3271002ms] [INFO] [Notifly] Notifly SDK is not initialized. Requested command will be executed as soon as the SDK is initialized. @ https://www.machuda.kr/_next/static/chunks/pages/_app-7b92a96e995b973e.js:0
[ 3271045ms] [INFO] [Notifly] Notifly SDK is not initialized. Requested command will be executed as soon as the SDK is initialized. @ https://www.machuda.kr/_next/static/chunks/pages/_app-7b92a96e995b973e.js:0
[ 3271045ms] [INFO] [Notifly] Notifly SDK is not initialized. Requested command will be executed as soon as the SDK is initialized. @ https://www.machuda.kr/_next/static/chunks/pages/_app-7b92a96e995b973e.js:0
[ 3271051ms] [WARNING] <meta name="apple-mobile-web-app-capable" content="yes"> is deprecated. Please include <meta name="mobile-web-app-capable" content="yes"> @ https://www.machuda.kr/learning/certification/%EB%B9%85%EB%8D%B0%EC%9D%B4%ED%84%B0%EB%B6%84%EC%84%9D%EA%B8%B0%EC%82%AC/written/pastExam/practice/study?page=1&pastExamId=2052&title=test:0
[ 3271081ms] [INFO] [Notifly] Notifly SDK is not initialized. Requested command will be executed as soon as the SDK is initialized. @ https://www.machuda.kr/_next/static/chunks/pages/_app-7b92a96e995b973e.js:0
[ 3271082ms] [LOG] 🔍 [getPartnerNameByDomain] 입력: {hostname: www.machuda.kr, normalized: www.machuda.kr} @ https://www.machuda.kr/_next/static/chunks/pages/_app-7b92a96e995b973e.js:0
[ 3271082ms] [LOG]   ❌ 결과: null @ https://www.machuda.kr/_next/static/chunks/pages/_app-7b92a96e995b973e.js:0
[ 3271141ms] [INFO] [Notifly] Notifly SDK is not initialized. Requested command will be executed as soon as the SDK is initialized. @ https://www.machuda.kr/_next/static/chunks/pages/_app-7b92a96e995b973e.js:0
[ 3271141ms] [INFO] [Notifly] Notifly SDK is not initialized. Requested command will be executed as soon as the SDK is initialized. @ https://www.machuda.kr/_next/static/chunks/pages/_app-7b92a96e995b973e.js:0
[ 3271141ms] [INFO] [Notifly] Notifly SDK is not initialized. Requested command will be executed as soon as the SDK is initialized. @ https://www.machuda.kr/_next/static/chunks/pages/_app-7b92a96e995b973e.js:0
[ 3271142ms] [INFO] [Notifly] Notifly SDK is not initialized. Requested command will be executed as soon as the SDK is initialized. @ https://www.machuda.kr/_next/static/chunks/pages/_app-7b92a96e995b973e.js:0
[ 3307644ms] [WARNING] The key "maximum-scale-1.0" is not recognized and ignored. @ https://www.machuda.kr/learning/certification/%EB%B9%85%EB%8D%B0%EC%9D%B4%ED%84%B0%EB%B6%84%EC%84%9D%EA%B8%B0%EC%82%AC/written/pastExam/practice/study?page=1&pastExamId=2053&title=test:0
[ 3307725ms] [INFO] [Notifly] Notifly SDK is not initialized. Requested command will be executed as soon as the SDK is initialized. @ https://www.machuda.kr/_next/static/chunks/pages/_app-7b92a96e995b973e.js:0
[ 3307767ms] [INFO] [Notifly] Notifly SDK is not initialized. Requested command will be executed as soon as the SDK is initialized. @ https://www.machuda.kr/_next/static/chunks/pages/_app-7b92a96e995b973e.js:0
[ 3307767ms] [INFO] [Notifly] Notifly SDK is not initialized. Requested command will be executed as soon as the SDK is initialized. @ https://www.machuda.kr/_next/static/chunks/pages/_app-7b92a96e995b973e.js:0
[ 3307772ms] [WARNING] <meta name="apple-mobile-web-app-capable" content="yes"> is deprecated. Please include <meta name="mobile-web-app-capable" content="yes"> @ https://www.machuda.kr/learning/certification/%EB%B9%85%EB%8D%B0%EC%9D%B4%ED%84%B0%EB%B6%84%EC%84%9D%EA%B8%B0%EC%82%AC/written/pastExam/practice/study?page=1&pastExamId=2053&title=test:0
[ 3307796ms] [INFO] [Notifly] Notifly SDK is not initialized. Requested command will be executed as soon as the SDK is initialized. @ https://www.machuda.kr/_next/static/chunks/pages/_app-7b92a96e995b973e.js:0
[ 3307797ms] [LOG] 🔍 [getPartnerNameByDomain] 입력: {hostname: www.machuda.kr, normalized: www.machuda.kr} @ https://www.machuda.kr/_next/static/chunks/pages/_app-7b92a96e995b973e.js:0
[ 3307797ms] [LOG]   ❌ 결과: null @ https://www.machuda.kr/_next/static/chunks/pages/_app-7b92a96e995b973e.js:0
[ 3307860ms] [INFO] [Notifly] Notifly SDK is not initialized. Requested command will be executed as soon as the SDK is initialized. @ https://www.machuda.kr/_next/static/chunks/pages/_app-7b92a96e995b973e.js:0
[ 3307860ms] [INFO] [Notifly] Notifly SDK is not initialized. Requested command will be executed as soon as the SDK is initialized. @ https://www.machuda.kr/_next/static/chunks/pages/_app-7b92a96e995b973e.js:0
[ 3307860ms] [INFO] [Notifly] Notifly SDK is not initialized. Requested command will be executed as soon as the SDK is initialized. @ https://www.machuda.kr/_next/static/chunks/pages/_app-7b92a96e995b973e.js:0
[ 3307860ms] [INFO] [Notifly] Notifly SDK is not initialized. Requested command will be executed as soon as the SDK is initialized. @ https://www.machuda.kr/_next/static/chunks/pages/_app-7b92a96e995b973e.js:0
[ 3344343ms] [WARNING] The key "maximum-scale-1.0" is not recognized and ignored. @ https://www.machuda.kr/learning/certification/%EB%B9%85%EB%8D%B0%EC%9D%B4%ED%84%B0%EB%B6%84%EC%84%9D%EA%B8%B0%EC%82%AC/written/pastExam/practice/study?page=1&pastExamId=2054&title=test:0
[ 3344420ms] [INFO] [Notifly] Notifly SDK is not initialized. Requested command will be executed as soon as the SDK is initialized. @ https://www.machuda.kr/_next/static/chunks/pages/_app-7b92a96e995b973e.js:0
[ 3344459ms] [INFO] [Notifly] Notifly SDK is not initialized. Requested command will be executed as soon as the SDK is initialized. @ https://www.machuda.kr/_next/static/chunks/pages/_app-7b92a96e995b973e.js:0
[ 3344459ms] [INFO] [Notifly] Notifly SDK is not initialized. Requested command will be executed as soon as the SDK is initialized. @ https://www.machuda.kr/_next/static/chunks/pages/_app-7b92a96e995b973e.js:0
[ 3344467ms] [WARNING] <meta name="apple-mobile-web-app-capable" content="yes"> is deprecated. Please include <meta name="mobile-web-app-capable" content="yes"> @ https://www.machuda.kr/learning/certification/%EB%B9%85%EB%8D%B0%EC%9D%B4%ED%84%B0%EB%B6%84%EC%84%9D%EA%B8%B0%EC%82%AC/written/pastExam/practice/study?page=1&pastExamId=2054&title=test:0
[ 3344484ms] [INFO] [Notifly] Notifly SDK is not initialized. Requested command will be executed as soon as the SDK is initialized. @ https://www.machuda.kr/_next/static/chunks/pages/_app-7b92a96e995b973e.js:0
[ 3344486ms] [LOG] 🔍 [getPartnerNameByDomain] 입력: {hostname: www.machuda.kr, normalized: www.machuda.kr} @ https://www.machuda.kr/_next/static/chunks/pages/_app-7b92a96e995b973e.js:0
[ 3344486ms] [LOG]   ❌ 결과: null @ https://www.machuda.kr/_next/static/chunks/pages/_app-7b92a96e995b973e.js:0
[ 3344542ms] [INFO] [Notifly] Notifly SDK is not initialized. Requested command will be executed as soon as the SDK is initialized. @ https://www.machuda.kr/_next/static/chunks/pages/_app-7b92a96e995b973e.js:0
[ 3344542ms] [INFO] [Notifly] Notifly SDK is not initialized. Requested command will be executed as soon as the SDK is initialized. @ https://www.machuda.kr/_next/static/chunks/pages/_app-7b92a96e995b973e.js:0
[ 3344543ms] [INFO] [Notifly] Notifly SDK is not initialized. Requested command will be executed as soon as the SDK is initialized. @ https://www.machuda.kr/_next/static/chunks/pages/_app-7b92a96e995b973e.js:0
[ 3344543ms] [INFO] [Notifly] Notifly SDK is not initialized. Requested command will be executed as soon as the SDK is initialized. @ https://www.machuda.kr/_next/static/chunks/pages/_app-7b92a96e995b973e.js:0
[ 3407325ms] [WARNING] The key "maximum-scale-1.0" is not recognized and ignored. @ https://www.machuda.kr/learning/certification/%EB%B9%85%EB%8D%B0%EC%9D%B4%ED%84%B0%EB%B6%84%EC%84%9D%EA%B8%B0%EC%82%AC/written/pastExam/practice/study?page=1&pastExamId=2048&title=2021%EB%85%84%EB%8F%84%202%ED%9A%8C%EC%B0%A8:0
[ 3407410ms] [INFO] [Notifly] Notifly SDK is not initialized. Requested command will be executed as soon as the SDK is initialized. @ https://www.machuda.kr/_next/static/chunks/pages/_app-7b92a96e995b973e.js:0
[ 3407459ms] [INFO] [Notifly] Notifly SDK is not initialized. Requested command will be executed as soon as the SDK is initialized. @ https://www.machuda.kr/_next/static/chunks/pages/_app-7b92a96e995b973e.js:0
[ 3407459ms] [INFO] [Notifly] Notifly SDK is not initialized. Requested command will be executed as soon as the SDK is initialized. @ https://www.machuda.kr/_next/static/chunks/pages/_app-7b92a96e995b973e.js:0
[ 3407460ms] [WARNING] <meta name="apple-mobile-web-app-capable" content="yes"> is deprecated. Please include <meta name="mobile-web-app-capable" content="yes"> @ https://www.machuda.kr/learning/certification/%EB%B9%85%EB%8D%B0%EC%9D%B4%ED%84%B0%EB%B6%84%EC%84%9D%EA%B8%B0%EC%82%AC/written/pastExam/practice/study?page=1&pastExamId=2048&title=2021%EB%85%84%EB%8F%84%202%ED%9A%8C%EC%B0%A8:0
[ 3407488ms] [INFO] [Notifly] Notifly SDK is not initialized. Requested command will be executed as soon as the SDK is initialized. @ https://www.machuda.kr/_next/static/chunks/pages/_app-7b92a96e995b973e.js:0
[ 3407489ms] [LOG] 🔍 [getPartnerNameByDomain] 입력: {hostname: www.machuda.kr, normalized: www.machuda.kr} @ https://www.machuda.kr/_next/static/chunks/pages/_app-7b92a96e995b973e.js:0
[ 3407489ms] [LOG]   ❌ 결과: null @ https://www.machuda.kr/_next/static/chunks/pages/_app-7b92a96e995b973e.js:0
[ 3407568ms] [INFO] [Notifly] Notifly SDK is not initialized. Requested command will be executed as soon as the SDK is initialized. @ https://www.machuda.kr/_next/static/chunks/pages/_app-7b92a96e995b973e.js:0
[ 3407568ms] [INFO] [Notifly] Notifly SDK is not initialized. Requested command will be executed as soon as the SDK is initialized. @ https://www.machuda.kr/_next/static/chunks/pages/_app-7b92a96e995b973e.js:0
[ 3407568ms] [INFO] [Notifly] Notifly SDK is not initialized. Requested command will be executed as soon as the SDK is initialized. @ https://www.machuda.kr/_next/static/chunks/pages/_app-7b92a96e995b973e.js:0
[ 3407568ms] [INFO] [Notifly] Notifly SDK is not initialized. Requested command will be executed as soon as the SDK is initialized. @ https://www.machuda.kr/_next/static/chunks/pages/_app-7b92a96e995b973e.js:0
[ 3653983ms] [WARNING] The key "maximum-scale-1.0" is not recognized and ignored. @ https://www.machuda.kr/learning/certification/%EB%B9%85%EB%8D%B0%EC%9D%B4%ED%84%B0%EB%B6%84%EC%84%9D%EA%B8%B0%EC%82%AC/written/pastExam/practice/study?page=1&pastExamId=2049&title=test:0
[ 3654078ms] [INFO] [Notifly] Notifly SDK is not initialized. Requested command will be executed as soon as the SDK is initialized. @ https://www.machuda.kr/_next/static/chunks/pages/_app-7b92a96e995b973e.js:0
[ 3654120ms] [INFO] [Notifly] Notifly SDK is not initialized. Requested command will be executed as soon as the SDK is initialized. @ https://www.machuda.kr/_next/static/chunks/pages/_app-7b92a96e995b973e.js:0
[ 3654120ms] [INFO] [Notifly] Notifly SDK is not initialized. Requested command will be executed as soon as the SDK is initialized. @ https://www.machuda.kr/_next/static/chunks/pages/_app-7b92a96e995b973e.js:0
[ 3654125ms] [WARNING] <meta name="apple-mobile-web-app-capable" content="yes"> is deprecated. Please include <meta name="mobile-web-app-capable" content="yes"> @ https://www.machuda.kr/learning/certification/%EB%B9%85%EB%8D%B0%EC%9D%B4%ED%84%B0%EB%B6%84%EC%84%9D%EA%B8%B0%EC%82%AC/written/pastExam/practice/study?page=1&pastExamId=2049&title=test:0
[ 3654150ms] [INFO] [Notifly] Notifly SDK is not initialized. Requested command will be executed as soon as the SDK is initialized. @ https://www.machuda.kr/_next/static/chunks/pages/_app-7b92a96e995b973e.js:0
[ 3654151ms] [LOG] 🔍 [getPartnerNameByDomain] 입력: {hostname: www.machuda.kr, normalized: www.machuda.kr} @ https://www.machuda.kr/_next/static/chunks/pages/_app-7b92a96e995b973e.js:0
[ 3654151ms] [LOG]   ❌ 결과: null @ https://www.machuda.kr/_next/static/chunks/pages/_app-7b92a96e995b973e.js:0
[ 3654218ms] [INFO] [Notifly] Notifly SDK is not initialized. Requested command will be executed as soon as the SDK is initialized. @ https://www.machuda.kr/_next/static/chunks/pages/_app-7b92a96e995b973e.js:0
[ 3654218ms] [INFO] [Notifly] Notifly SDK is not initialized. Requested command will be executed as soon as the SDK is initialized. @ https://www.machuda.kr/_next/static/chunks/pages/_app-7b92a96e995b973e.js:0
[ 3654218ms] [INFO] [Notifly] Notifly SDK is not initialized. Requested command will be executed as soon as the SDK is initialized. @ https://www.machuda.kr/_next/static/chunks/pages/_app-7b92a96e995b973e.js:0
[ 3654219ms] [INFO] [Notifly] Notifly SDK is not initialized. Requested command will be executed as soon as the SDK is initialized. @ https://www.machuda.kr/_next/static/chunks/pages/_app-7b92a96e995b973e.js:0
[ 3720296ms] [WARNING] The key "maximum-scale-1.0" is not recognized and ignored. @ https://www.machuda.kr/learning/certification/%EB%B9%85%EB%8D%B0%EC%9D%B4%ED%84%B0%EB%B6%84%EC%84%9D%EA%B8%B0%EC%82%AC/written/pastExam/practice/study?page=1&pastExamId=2050&title=test:0
[ 3720385ms] [INFO] [Notifly] Notifly SDK is not initialized. Requested command will be executed as soon as the SDK is initialized. @ https://www.machuda.kr/_next/static/chunks/pages/_app-7b92a96e995b973e.js:0
[ 3720427ms] [INFO] [Notifly] Notifly SDK is not initialized. Requested command will be executed as soon as the SDK is initialized. @ https://www.machuda.kr/_next/static/chunks/pages/_app-7b92a96e995b973e.js:0
[ 3720428ms] [INFO] [Notifly] Notifly SDK is not initialized. Requested command will be executed as soon as the SDK is initialized. @ https://www.machuda.kr/_next/static/chunks/pages/_app-7b92a96e995b973e.js:0
[ 3720434ms] [WARNING] <meta name="apple-mobile-web-app-capable" content="yes"> is deprecated. Please include <meta name="mobile-web-app-capable" content="yes"> @ https://www.machuda.kr/learning/certification/%EB%B9%85%EB%8D%B0%EC%9D%B4%ED%84%B0%EB%B6%84%EC%84%9D%EA%B8%B0%EC%82%AC/written/pastExam/practice/study?page=1&pastExamId=2050&title=test:0
[ 3720450ms] [INFO] [Notifly] Notifly SDK is not initialized. Requested command will be executed as soon as the SDK is initialized. @ https://www.machuda.kr/_next/static/chunks/pages/_app-7b92a96e995b973e.js:0
[ 3720451ms] [LOG] 🔍 [getPartnerNameByDomain] 입력: {hostname: www.machuda.kr, normalized: www.machuda.kr} @ https://www.machuda.kr/_next/static/chunks/pages/_app-7b92a96e995b973e.js:0
[ 3720451ms] [LOG]   ❌ 결과: null @ https://www.machuda.kr/_next/static/chunks/pages/_app-7b92a96e995b973e.js:0
[ 3720513ms] [INFO] [Notifly] Notifly SDK is not initialized. Requested command will be executed as soon as the SDK is initialized. @ https://www.machuda.kr/_next/static/chunks/pages/_app-7b92a96e995b973e.js:0
[ 3720513ms] [INFO] [Notifly] Notifly SDK is not initialized. Requested command will be executed as soon as the SDK is initialized. @ https://www.machuda.kr/_next/static/chunks/pages/_app-7b92a96e995b973e.js:0
[ 3720514ms] [INFO] [Notifly] Notifly SDK is not initialized. Requested command will be executed as soon as the SDK is initialized. @ https://www.machuda.kr/_next/static/chunks/pages/_app-7b92a96e995b973e.js:0
[ 3720514ms] [INFO] [Notifly] Notifly SDK is not initialized. Requested command will be executed as soon as the SDK is initialized. @ https://www.machuda.kr/_next/static/chunks/pages/_app-7b92a96e995b973e.js:0
[ 3786738ms] [WARNING] The key "maximum-scale-1.0" is not recognized and ignored. @ https://www.machuda.kr/learning/certification/%EB%B9%85%EB%8D%B0%EC%9D%B4%ED%84%B0%EB%B6%84%EC%84%9D%EA%B8%B0%EC%82%AC/written/pastExam/practice/study?page=1&pastExamId=2051&title=test:0
[ 3786817ms] [INFO] [Notifly] Notifly SDK is not initialized. Requested command will be executed as soon as the SDK is initialized. @ https://www.machuda.kr/_next/static/chunks/pages/_app-7b92a96e995b973e.js:0
[ 3786853ms] [INFO] [Notifly] Notifly SDK is not initialized. Requested command will be executed as soon as the SDK is initialized. @ https://www.machuda.kr/_next/static/chunks/pages/_app-7b92a96e995b973e.js:0
[ 3786853ms] [INFO] [Notifly] Notifly SDK is not initialized. Requested command will be executed as soon as the SDK is initialized. @ https://www.machuda.kr/_next/static/chunks/pages/_app-7b92a96e995b973e.js:0
[ 3786857ms] [WARNING] <meta name="apple-mobile-web-app-capable" content="yes"> is deprecated. Please include <meta name="mobile-web-app-capable" content="yes"> @ https://www.machuda.kr/learning/certification/%EB%B9%85%EB%8D%B0%EC%9D%B4%ED%84%B0%EB%B6%84%EC%84%9D%EA%B8%B0%EC%82%AC/written/pastExam/practice/study?page=1&pastExamId=2051&title=test:0
[ 3786892ms] [INFO] [Notifly] Notifly SDK is not initialized. Requested command will be executed as soon as the SDK is initialized. @ https://www.machuda.kr/_next/static/chunks/pages/_app-7b92a96e995b973e.js:0
[ 3786893ms] [LOG] 🔍 [getPartnerNameByDomain] 입력: {hostname: www.machuda.kr, normalized: www.machuda.kr} @ https://www.machuda.kr/_next/static/chunks/pages/_app-7b92a96e995b973e.js:0
[ 3786894ms] [LOG]   ❌ 결과: null @ https://www.machuda.kr/_next/static/chunks/pages/_app-7b92a96e995b973e.js:0
[ 3786950ms] [INFO] [Notifly] Notifly SDK is not initialized. Requested command will be executed as soon as the SDK is initialized. @ https://www.machuda.kr/_next/static/chunks/pages/_app-7b92a96e995b973e.js:0
[ 3786950ms] [INFO] [Notifly] Notifly SDK is not initialized. Requested command will be executed as soon as the SDK is initialized. @ https://www.machuda.kr/_next/static/chunks/pages/_app-7b92a96e995b973e.js:0
[ 3786950ms] [INFO] [Notifly] Notifly SDK is not initialized. Requested command will be executed as soon as the SDK is initialized. @ https://www.machuda.kr/_next/static/chunks/pages/_app-7b92a96e995b973e.js:0
[ 3786950ms] [INFO] [Notifly] Notifly SDK is not initialized. Requested command will be executed as soon as the SDK is initialized. @ https://www.machuda.kr/_next/static/chunks/pages/_app-7b92a96e995b973e.js:0
[ 3805405ms] [WARNING] No character metrics for '㉠' in style 'Main-Regular' and mode 'text' @ https://www.machuda.kr/_next/static/chunks/pages/_app-7b92a96e995b973e.js:0
[ 3805405ms] [WARNING] No character metrics for '㉠' in style 'Main-Regular' and mode 'text' @ https://www.machuda.kr/_next/static/chunks/pages/_app-7b92a96e995b973e.js:0
[ 3853096ms] [WARNING] The key "maximum-scale-1.0" is not recognized and ignored. @ https://www.machuda.kr/learning/certification/%EB%B9%85%EB%8D%B0%EC%9D%B4%ED%84%B0%EB%B6%84%EC%84%9D%EA%B8%B0%EC%82%AC/written/pastExam/practice/study?page=1&pastExamId=2052&title=test:0
[ 3853172ms] [INFO] [Notifly] Notifly SDK is not initialized. Requested command will be executed as soon as the SDK is initialized. @ https://www.machuda.kr/_next/static/chunks/pages/_app-7b92a96e995b973e.js:0
[ 3853208ms] [INFO] [Notifly] Notifly SDK is not initialized. Requested command will be executed as soon as the SDK is initialized. @ https://www.machuda.kr/_next/static/chunks/pages/_app-7b92a96e995b973e.js:0
[ 3853208ms] [INFO] [Notifly] Notifly SDK is not initialized. Requested command will be executed as soon as the SDK is initialized. @ https://www.machuda.kr/_next/static/chunks/pages/_app-7b92a96e995b973e.js:0
[ 3853213ms] [WARNING] <meta name="apple-mobile-web-app-capable" content="yes"> is deprecated. Please include <meta name="mobile-web-app-capable" content="yes"> @ https://www.machuda.kr/learning/certification/%EB%B9%85%EB%8D%B0%EC%9D%B4%ED%84%B0%EB%B6%84%EC%84%9D%EA%B8%B0%EC%82%AC/written/pastExam/practice/study?page=1&pastExamId=2052&title=test:0
[ 3853235ms] [INFO] [Notifly] Notifly SDK is not initialized. Requested command will be executed as soon as the SDK is initialized. @ https://www.machuda.kr/_next/static/chunks/pages/_app-7b92a96e995b973e.js:0
[ 3853236ms] [LOG] 🔍 [getPartnerNameByDomain] 입력: {hostname: www.machuda.kr, normalized: www.machuda.kr} @ https://www.machuda.kr/_next/static/chunks/pages/_app-7b92a96e995b973e.js:0
[ 3853236ms] [LOG]   ❌ 결과: null @ https://www.machuda.kr/_next/static/chunks/pages/_app-7b92a96e995b973e.js:0
[ 3853290ms] [INFO] [Notifly] Notifly SDK is not initialized. Requested command will be executed as soon as the SDK is initialized. @ https://www.machuda.kr/_next/static/chunks/pages/_app-7b92a96e995b973e.js:0
[ 3853291ms] [INFO] [Notifly] Notifly SDK is not initialized. Requested command will be executed as soon as the SDK is initialized. @ https://www.machuda.kr/_next/static/chunks/pages/_app-7b92a96e995b973e.js:0
[ 3853291ms] [INFO] [Notifly] Notifly SDK is not initialized. Requested command will be executed as soon as the SDK is initialized. @ https://www.machuda.kr/_next/static/chunks/pages/_app-7b92a96e995b973e.js:0
[ 3853291ms] [INFO] [Notifly] Notifly SDK is not initialized. Requested command will be executed as soon as the SDK is initialized. @ https://www.machuda.kr/_next/static/chunks/pages/_app-7b92a96e995b973e.js:0
[ 3919548ms] [WARNING] The key "maximum-scale-1.0" is not recognized and ignored. @ https://www.machuda.kr/learning/certification/%EB%B9%85%EB%8D%B0%EC%9D%B4%ED%84%B0%EB%B6%84%EC%84%9D%EA%B8%B0%EC%82%AC/written/pastExam/practice/study?page=1&pastExamId=2053&title=test:0
[ 3919643ms] [INFO] [Notifly] Notifly SDK is not initialized. Requested command will be executed as soon as the SDK is initialized. @ https://www.machuda.kr/_next/static/chunks/pages/_app-7b92a96e995b973e.js:0
[ 3919685ms] [INFO] [Notifly] Notifly SDK is not initialized. Requested command will be executed as soon as the SDK is initialized. @ https://www.machuda.kr/_next/static/chunks/pages/_app-7b92a96e995b973e.js:0
[ 3919685ms] [INFO] [Notifly] Notifly SDK is not initialized. Requested command will be executed as soon as the SDK is initialized. @ https://www.machuda.kr/_next/static/chunks/pages/_app-7b92a96e995b973e.js:0
[ 3919690ms] [WARNING] <meta name="apple-mobile-web-app-capable" content="yes"> is deprecated. Please include <meta name="mobile-web-app-capable" content="yes"> @ https://www.machuda.kr/learning/certification/%EB%B9%85%EB%8D%B0%EC%9D%B4%ED%84%B0%EB%B6%84%EC%84%9D%EA%B8%B0%EC%82%AC/written/pastExam/practice/study?page=1&pastExamId=2053&title=test:0
[ 3919719ms] [INFO] [Notifly] Notifly SDK is not initialized. Requested command will be executed as soon as the SDK is initialized. @ https://www.machuda.kr/_next/static/chunks/pages/_app-7b92a96e995b973e.js:0
[ 3919720ms] [LOG] 🔍 [getPartnerNameByDomain] 입력: {hostname: www.machuda.kr, normalized: www.machuda.kr} @ https://www.machuda.kr/_next/static/chunks/pages/_app-7b92a96e995b973e.js:0
[ 3919720ms] [LOG]   ❌ 결과: null @ https://www.machuda.kr/_next/static/chunks/pages/_app-7b92a96e995b973e.js:0
[ 3919777ms] [INFO] [Notifly] Notifly SDK is not initialized. Requested command will be executed as soon as the SDK is initialized. @ https://www.machuda.kr/_next/static/chunks/pages/_app-7b92a96e995b973e.js:0
[ 3919777ms] [INFO] [Notifly] Notifly SDK is not initialized. Requested command will be executed as soon as the SDK is initialized. @ https://www.machuda.kr/_next/static/chunks/pages/_app-7b92a96e995b973e.js:0
[ 3919777ms] [INFO] [Notifly] Notifly SDK is not initialized. Requested command will be executed as soon as the SDK is initialized. @ https://www.machuda.kr/_next/static/chunks/pages/_app-7b92a96e995b973e.js:0
[ 3919777ms] [INFO] [Notifly] Notifly SDK is not initialized. Requested command will be executed as soon as the SDK is initialized. @ https://www.machuda.kr/_next/static/chunks/pages/_app-7b92a96e995b973e.js:0
[ 3985876ms] [WARNING] The key "maximum-scale-1.0" is not recognized and ignored. @ https://www.machuda.kr/learning/certification/%EB%B9%85%EB%8D%B0%EC%9D%B4%ED%84%B0%EB%B6%84%EC%84%9D%EA%B8%B0%EC%82%AC/written/pastExam/practice/study?page=1&pastExamId=2054&title=test:0
[ 3985955ms] [INFO] [Notifly] Notifly SDK is not initialized. Requested command will be executed as soon as the SDK is initialized. @ https://www.machuda.kr/_next/static/chunks/pages/_app-7b92a96e995b973e.js:0
[ 3985992ms] [INFO] [Notifly] Notifly SDK is not initialized. Requested command will be executed as soon as the SDK is initialized. @ https://www.machuda.kr/_next/static/chunks/pages/_app-7b92a96e995b973e.js:0
[ 3985992ms] [INFO] [Notifly] Notifly SDK is not initialized. Requested command will be executed as soon as the SDK is initialized. @ https://www.machuda.kr/_next/static/chunks/pages/_app-7b92a96e995b973e.js:0
[ 3985999ms] [WARNING] <meta name="apple-mobile-web-app-capable" content="yes"> is deprecated. Please include <meta name="mobile-web-app-capable" content="yes"> @ https://www.machuda.kr/learning/certification/%EB%B9%85%EB%8D%B0%EC%9D%B4%ED%84%B0%EB%B6%84%EC%84%9D%EA%B8%B0%EC%82%AC/written/pastExam/practice/study?page=1&pastExamId=2054&title=test:0
[ 3986022ms] [INFO] [Notifly] Notifly SDK is not initialized. Requested command will be executed as soon as the SDK is initialized. @ https://www.machuda.kr/_next/static/chunks/pages/_app-7b92a96e995b973e.js:0
[ 3986023ms] [LOG] 🔍 [getPartnerNameByDomain] 입력: {hostname: www.machuda.kr, normalized: www.machuda.kr} @ https://www.machuda.kr/_next/static/chunks/pages/_app-7b92a96e995b973e.js:0
[ 3986023ms] [LOG]   ❌ 결과: null @ https://www.machuda.kr/_next/static/chunks/pages/_app-7b92a96e995b973e.js:0
[ 3986078ms] [INFO] [Notifly] Notifly SDK is not initialized. Requested command will be executed as soon as the SDK is initialized. @ https://www.machuda.kr/_next/static/chunks/pages/_app-7b92a96e995b973e.js:0
[ 3986078ms] [INFO] [Notifly] Notifly SDK is not initialized. Requested command will be executed as soon as the SDK is initialized. @ https://www.machuda.kr/_next/static/chunks/pages/_app-7b92a96e995b973e.js:0
[ 3986078ms] [INFO] [Notifly] Notifly SDK is not initialized. Requested command will be executed as soon as the SDK is initialized. @ https://www.machuda.kr/_next/static/chunks/pages/_app-7b92a96e995b973e.js:0
[ 3986078ms] [INFO] [Notifly] Notifly SDK is not initialized. Requested command will be executed as soon as the SDK is initialized. @ https://www.machuda.kr/_next/static/chunks/pages/_app-7b92a96e995b973e.js:0
