[     123ms] [WARNING] The key "maximum-scale-1.0" is not recognized and ignored. @ https://www.machuda.kr/learning/certification/%EB%B9%85%EB%8D%B0%EC%9D%B4%ED%84%B0%EB%B6%84%EC%84%9D%EA%B8%B0%EC%82%AC/written:0
[     597ms] Error: Minified React error #418; visit https://reactjs.org/docs/error-decoder.html?invariant=418 for the full message or use the non-minified dev environment for full errors and additional helpful warnings.
    at sa (https://www.machuda.kr/_next/static/chunks/framework-0c8290d7a34c2ef9.js:1:48816)
    at Ei (https://www.machuda.kr/_next/static/chunks/framework-0c8290d7a34c2ef9.js:1:122322)
    at bs (https://www.machuda.kr/_next/static/chunks/framework-0c8290d7a34c2ef9.js:1:109734)
    at gs (https://www.machuda.kr/_next/static/chunks/framework-0c8290d7a34c2ef9.js:1:109662)
    at vs (https://www.machuda.kr/_next/static/chunks/framework-0c8290d7a34c2ef9.js:1:109525)
    at ls (https://www.machuda.kr/_next/static/chunks/framework-0c8290d7a34c2ef9.js:1:104629)
    at S (https://www.machuda.kr/_next/static/chunks/framework-0c8290d7a34c2ef9.js:1:138839)
    at MessagePort.T (https://www.machuda.kr/_next/static/chunks/framework-0c8290d7a34c2ef9.js:1:139373)
[     598ms] Error: Minified React error #418; visit https://reactjs.org/docs/error-decoder.html?invariant=418 for the full message or use the non-minified dev environment for full errors and additional helpful warnings.
    at sa (https://www.machuda.kr/_next/static/chunks/framework-0c8290d7a34c2ef9.js:1:48816)
    at Ei (https://www.machuda.kr/_next/static/chunks/framework-0c8290d7a34c2ef9.js:1:122322)
    at bs (https://www.machuda.kr/_next/static/chunks/framework-0c8290d7a34c2ef9.js:1:109734)
    at gs (https://www.machuda.kr/_next/static/chunks/framework-0c8290d7a34c2ef9.js:1:109662)
    at vs (https://www.machuda.kr/_next/static/chunks/framework-0c8290d7a34c2ef9.js:1:109525)
    at ls (https://www.machuda.kr/_next/static/chunks/framework-0c8290d7a34c2ef9.js:1:104629)
    at S (https://www.machuda.kr/_next/static/chunks/framework-0c8290d7a34c2ef9.js:1:138839)
    at MessagePort.T (https://www.machuda.kr/_next/static/chunks/framework-0c8290d7a34c2ef9.js:1:139373)
[     599ms] Error: Minified React error #418; visit https://reactjs.org/docs/error-decoder.html?invariant=418 for the full message or use the non-minified dev environment for full errors and additional helpful warnings.
    at sa (https://www.machuda.kr/_next/static/chunks/framework-0c8290d7a34c2ef9.js:1:48816)
    at Ei (https://www.machuda.kr/_next/static/chunks/framework-0c8290d7a34c2ef9.js:1:122322)
    at bs (https://www.machuda.kr/_next/static/chunks/framework-0c8290d7a34c2ef9.js:1:109734)
    at gs (https://www.machuda.kr/_next/static/chunks/framework-0c8290d7a34c2ef9.js:1:109662)
    at vs (https://www.machuda.kr/_next/static/chunks/framework-0c8290d7a34c2ef9.js:1:109525)
    at ls (https://www.machuda.kr/_next/static/chunks/framework-0c8290d7a34c2ef9.js:1:104629)
    at S (https://www.machuda.kr/_next/static/chunks/framework-0c8290d7a34c2ef9.js:1:138839)
    at MessagePort.T (https://www.machuda.kr/_next/static/chunks/framework-0c8290d7a34c2ef9.js:1:139373)
[     601ms] Error: Minified React error #418; visit https://reactjs.org/docs/error-decoder.html?invariant=418 for the full message or use the non-minified dev environment for full errors and additional helpful warnings.
    at sa (https://www.machuda.kr/_next/static/chunks/framework-0c8290d7a34c2ef9.js:1:48816)
    at Ei (https://www.machuda.kr/_next/static/chunks/framework-0c8290d7a34c2ef9.js:1:122322)
    at bs (https://www.machuda.kr/_next/static/chunks/framework-0c8290d7a34c2ef9.js:1:109734)
    at gs (https://www.machuda.kr/_next/static/chunks/framework-0c8290d7a34c2ef9.js:1:109662)
    at vs (https://www.machuda.kr/_next/static/chunks/framework-0c8290d7a34c2ef9.js:1:109525)
    at ls (https://www.machuda.kr/_next/static/chunks/framework-0c8290d7a34c2ef9.js:1:104629)
    at S (https://www.machuda.kr/_next/static/chunks/framework-0c8290d7a34c2ef9.js:1:138839)
    at MessagePort.T (https://www.machuda.kr/_next/static/chunks/framework-0c8290d7a34c2ef9.js:1:139373)
[     604ms] Error: Minified React error #418; visit https://reactjs.org/docs/error-decoder.html?invariant=418 for the full message or use the non-minified dev environment for full errors and additional helpful warnings.
    at sa (https://www.machuda.kr/_next/static/chunks/framework-0c8290d7a34c2ef9.js:1:48816)
    at Ei (https://www.machuda.kr/_next/static/chunks/framework-0c8290d7a34c2ef9.js:1:122322)
    at bs (https://www.machuda.kr/_next/static/chunks/framework-0c8290d7a34c2ef9.js:1:109734)
    at gs (https://www.machuda.kr/_next/static/chunks/framework-0c8290d7a34c2ef9.js:1:109662)
    at vs (https://www.machuda.kr/_next/static/chunks/framework-0c8290d7a34c2ef9.js:1:109525)
    at ls (https://www.machuda.kr/_next/static/chunks/framework-0c8290d7a34c2ef9.js:1:104629)
    at S (https://www.machuda.kr/_next/static/chunks/framework-0c8290d7a34c2ef9.js:1:138839)
    at MessagePort.T (https://www.machuda.kr/_next/static/chunks/framework-0c8290d7a34c2ef9.js:1:139373)
[     606ms] Error: Minified React error #418; visit https://reactjs.org/docs/error-decoder.html?invariant=418 for the full message or use the non-minified dev environment for full errors and additional helpful warnings.
    at sa (https://www.machuda.kr/_next/static/chunks/framework-0c8290d7a34c2ef9.js:1:48816)
    at Ei (https://www.machuda.kr/_next/static/chunks/framework-0c8290d7a34c2ef9.js:1:122322)
    at bs (https://www.machuda.kr/_next/static/chunks/framework-0c8290d7a34c2ef9.js:1:109734)
    at gs (https://www.machuda.kr/_next/static/chunks/framework-0c8290d7a34c2ef9.js:1:109662)
    at vs (https://www.machuda.kr/_next/static/chunks/framework-0c8290d7a34c2ef9.js:1:109525)
    at ls (https://www.machuda.kr/_next/static/chunks/framework-0c8290d7a34c2ef9.js:1:104629)
    at S (https://www.machuda.kr/_next/static/chunks/framework-0c8290d7a34c2ef9.js:1:138839)
    at MessagePort.T (https://www.machuda.kr/_next/static/chunks/framework-0c8290d7a34c2ef9.js:1:139373)
[     609ms] Error: Minified React error #423; visit https://reactjs.org/docs/error-decoder.html?invariant=423 for the full message or use the non-minified dev environment for full errors and additional helpful warnings.
    at Ei (https://www.machuda.kr/_next/static/chunks/framework-0c8290d7a34c2ef9.js:1:122008)
    at bs (https://www.machuda.kr/_next/static/chunks/framework-0c8290d7a34c2ef9.js:1:109734)
    at gs (https://www.machuda.kr/_next/static/chunks/framework-0c8290d7a34c2ef9.js:1:109662)
    at vs (https://www.machuda.kr/_next/static/chunks/framework-0c8290d7a34c2ef9.js:1:109525)
    at as (https://www.machuda.kr/_next/static/chunks/framework-0c8290d7a34c2ef9.js:1:106305)
    at ls (https://www.machuda.kr/_next/static/chunks/framework-0c8290d7a34c2ef9.js:1:104856)
    at S (https://www.machuda.kr/_next/static/chunks/framework-0c8290d7a34c2ef9.js:1:138839)
    at MessagePort.T (https://www.machuda.kr/_next/static/chunks/framework-0c8290d7a34c2ef9.js:1:139373)
[     622ms] [INFO] [Notifly] Notifly SDK is not initialized. Requested command will be executed as soon as the SDK is initialized. @ https://www.machuda.kr/_next/static/chunks/pages/_app-4df02a410eaa6a00.js:0
[     628ms] [INFO] [Notifly] Notifly SDK is not initialized. Requested command will be executed as soon as the SDK is initialized. @ https://www.machuda.kr/_next/static/chunks/pages/_app-4df02a410eaa6a00.js:0
[     632ms] [LOG] 🔍 [getPartnerNameByDomain] 입력: {hostname: www.machuda.kr, normalized: www.machuda.kr} @ https://www.machuda.kr/_next/static/chunks/pages/_app-4df02a410eaa6a00.js:0
[     632ms] [LOG]   ❌ 결과: null @ https://www.machuda.kr/_next/static/chunks/pages/_app-4df02a410eaa6a00.js:0
[     695ms] [INFO] [Notifly] Notifly SDK is not initialized. Requested command will be executed as soon as the SDK is initialized. @ https://www.machuda.kr/_next/static/chunks/pages/_app-4df02a410eaa6a00.js:0
[     710ms] [INFO] [Notifly] Notifly SDK is not initialized. Requested command will be executed as soon as the SDK is initialized. @ https://www.machuda.kr/_next/static/chunks/pages/_app-4df02a410eaa6a00.js:0
[     710ms] [INFO] [Notifly] Notifly SDK is not initialized. Requested command will be executed as soon as the SDK is initialized. @ https://www.machuda.kr/_next/static/chunks/pages/_app-4df02a410eaa6a00.js:0
[     711ms] [INFO] [Notifly] Notifly SDK is not initialized. Requested command will be executed as soon as the SDK is initialized. @ https://www.machuda.kr/_next/static/chunks/pages/_app-4df02a410eaa6a00.js:0
[     724ms] [WARNING] <meta name="apple-mobile-web-app-capable" content="yes"> is deprecated. Please include <meta name="mobile-web-app-capable" content="yes"> @ https://www.machuda.kr/learning/certification/%EB%B9%85%EB%8D%B0%EC%9D%B4%ED%84%B0%EB%B6%84%EC%84%9D%EA%B8%B0%EC%82%AC/written:0
[  172551ms] [WARNING] The key "maximum-scale-1.0" is not recognized and ignored. @ https://www.machuda.kr/learning/certification/%EB%B9%85%EB%8D%B0%EC%9D%B4%ED%84%B0%EB%B6%84%EC%84%9D%EA%B8%B0%EC%82%AC/written/pastExam/practice/study?page=1&pastExamId=2048&title=2021%EB%85%84%EB%8F%84%202%ED%9A%8C%EC%B0%A8:0
[  172898ms] [INFO] [Notifly] Notifly SDK is not initialized. Requested command will be executed as soon as the SDK is initialized. @ https://www.machuda.kr/_next/static/chunks/pages/_app-4df02a410eaa6a00.js:0
[  172931ms] [INFO] [Notifly] Notifly SDK is not initialized. Requested command will be executed as soon as the SDK is initialized. @ https://www.machuda.kr/_next/static/chunks/pages/_app-4df02a410eaa6a00.js:0
[  172931ms] [INFO] [Notifly] Notifly SDK is not initialized. Requested command will be executed as soon as the SDK is initialized. @ https://www.machuda.kr/_next/static/chunks/pages/_app-4df02a410eaa6a00.js:0
[  172940ms] [WARNING] <meta name="apple-mobile-web-app-capable" content="yes"> is deprecated. Please include <meta name="mobile-web-app-capable" content="yes"> @ https://www.machuda.kr/learning/certification/%EB%B9%85%EB%8D%B0%EC%9D%B4%ED%84%B0%EB%B6%84%EC%84%9D%EA%B8%B0%EC%82%AC/written/pastExam/practice/study?page=1&pastExamId=2048&title=2021%EB%85%84%EB%8F%84%202%ED%9A%8C%EC%B0%A8:0
[  172954ms] [INFO] [Notifly] Notifly SDK is not initialized. Requested command will be executed as soon as the SDK is initialized. @ https://www.machuda.kr/_next/static/chunks/pages/_app-4df02a410eaa6a00.js:0
[  172955ms] [LOG] 🔍 [getPartnerNameByDomain] 입력: {hostname: www.machuda.kr, normalized: www.machuda.kr} @ https://www.machuda.kr/_next/static/chunks/pages/_app-4df02a410eaa6a00.js:0
[  172955ms] [LOG]   ❌ 결과: null @ https://www.machuda.kr/_next/static/chunks/pages/_app-4df02a410eaa6a00.js:0
[  172963ms] [INFO] [Notifly] Notifly SDK is not initialized. Requested command will be executed as soon as the SDK is initialized. @ https://www.machuda.kr/_next/static/chunks/pages/_app-4df02a410eaa6a00.js:0
[  251964ms] [WARNING] The key "maximum-scale-1.0" is not recognized and ignored. @ https://www.machuda.kr/learning/certification/%EB%B9%85%EB%8D%B0%EC%9D%B4%ED%84%B0%EB%B6%84%EC%84%9D%EA%B8%B0%EC%82%AC/written/pastExam/practice/study?page=1&pastExamId=2048&title=2021%EB%85%84%EB%8F%84%202%ED%9A%8C%EC%B0%A8:0
[  252024ms] [INFO] [Notifly] Notifly SDK is not initialized. Requested command will be executed as soon as the SDK is initialized. @ https://www.machuda.kr/_next/static/chunks/pages/_app-4df02a410eaa6a00.js:0
[  252051ms] [INFO] [Notifly] Notifly SDK is not initialized. Requested command will be executed as soon as the SDK is initialized. @ https://www.machuda.kr/_next/static/chunks/pages/_app-4df02a410eaa6a00.js:0
[  252051ms] [INFO] [Notifly] Notifly SDK is not initialized. Requested command will be executed as soon as the SDK is initialized. @ https://www.machuda.kr/_next/static/chunks/pages/_app-4df02a410eaa6a00.js:0
[  252058ms] [WARNING] <meta name="apple-mobile-web-app-capable" content="yes"> is deprecated. Please include <meta name="mobile-web-app-capable" content="yes"> @ https://www.machuda.kr/learning/certification/%EB%B9%85%EB%8D%B0%EC%9D%B4%ED%84%B0%EB%B6%84%EC%84%9D%EA%B8%B0%EC%82%AC/written/pastExam/practice/study?page=1&pastExamId=2048&title=2021%EB%85%84%EB%8F%84%202%ED%9A%8C%EC%B0%A8:0
[  252070ms] [INFO] [Notifly] Notifly SDK is not initialized. Requested command will be executed as soon as the SDK is initialized. @ https://www.machuda.kr/_next/static/chunks/pages/_app-4df02a410eaa6a00.js:0
[  252073ms] [LOG] 🔍 [getPartnerNameByDomain] 입력: {hostname: www.machuda.kr, normalized: www.machuda.kr} @ https://www.machuda.kr/_next/static/chunks/pages/_app-4df02a410eaa6a00.js:0
[  252073ms] [LOG]   ❌ 결과: null @ https://www.machuda.kr/_next/static/chunks/pages/_app-4df02a410eaa6a00.js:0
[  252081ms] [INFO] [Notifly] Notifly SDK is not initialized. Requested command will be executed as soon as the SDK is initialized. @ https://www.machuda.kr/_next/static/chunks/pages/_app-4df02a410eaa6a00.js:0
[  278521ms] [WARNING] The key "maximum-scale-1.0" is not recognized and ignored. @ https://www.machuda.kr/learning/certification/%EB%B9%85%EB%8D%B0%EC%9D%B4%ED%84%B0%EB%B6%84%EC%84%9D%EA%B8%B0%EC%82%AC/written/pastExam/practice/study?page=1&pastExamId=2048&title=2021%EB%85%84%EB%8F%84%202%ED%9A%8C%EC%B0%A8:0
[  278575ms] [INFO] [Notifly] Notifly SDK is not initialized. Requested command will be executed as soon as the SDK is initialized. @ https://www.machuda.kr/_next/static/chunks/pages/_app-4df02a410eaa6a00.js:0
[  278605ms] [INFO] [Notifly] Notifly SDK is not initialized. Requested command will be executed as soon as the SDK is initialized. @ https://www.machuda.kr/_next/static/chunks/pages/_app-4df02a410eaa6a00.js:0
[  278605ms] [INFO] [Notifly] Notifly SDK is not initialized. Requested command will be executed as soon as the SDK is initialized. @ https://www.machuda.kr/_next/static/chunks/pages/_app-4df02a410eaa6a00.js:0
[  278607ms] [WARNING] <meta name="apple-mobile-web-app-capable" content="yes"> is deprecated. Please include <meta name="mobile-web-app-capable" content="yes"> @ https://www.machuda.kr/learning/certification/%EB%B9%85%EB%8D%B0%EC%9D%B4%ED%84%B0%EB%B6%84%EC%84%9D%EA%B8%B0%EC%82%AC/written/pastExam/practice/study?page=1&pastExamId=2048&title=2021%EB%85%84%EB%8F%84%202%ED%9A%8C%EC%B0%A8:0
[  278624ms] [INFO] [Notifly] Notifly SDK is not initialized. Requested command will be executed as soon as the SDK is initialized. @ https://www.machuda.kr/_next/static/chunks/pages/_app-4df02a410eaa6a00.js:0
[  278625ms] [LOG] 🔍 [getPartnerNameByDomain] 입력: {hostname: www.machuda.kr, normalized: www.machuda.kr} @ https://www.machuda.kr/_next/static/chunks/pages/_app-4df02a410eaa6a00.js:0
[  278625ms] [LOG]   ❌ 결과: null @ https://www.machuda.kr/_next/static/chunks/pages/_app-4df02a410eaa6a00.js:0
[  278630ms] [INFO] [Notifly] Notifly SDK is not initialized. Requested command will be executed as soon as the SDK is initialized. @ https://www.machuda.kr/_next/static/chunks/pages/_app-4df02a410eaa6a00.js:0
[  282750ms] [WARNING] The key "maximum-scale-1.0" is not recognized and ignored. @ https://www.machuda.kr/learning/certification/%EB%B9%85%EB%8D%B0%EC%9D%B4%ED%84%B0%EB%B6%84%EC%84%9D%EA%B8%B0%EC%82%AC/written/pastExam/practice/study?page=2&pastExamId=2048&title=2021%EB%85%84%EB%8F%84%202%ED%9A%8C%EC%B0%A8:0
[  282804ms] [INFO] [Notifly] Notifly SDK is not initialized. Requested command will be executed as soon as the SDK is initialized. @ https://www.machuda.kr/_next/static/chunks/pages/_app-4df02a410eaa6a00.js:0
[  282826ms] [INFO] [Notifly] Notifly SDK is not initialized. Requested command will be executed as soon as the SDK is initialized. @ https://www.machuda.kr/_next/static/chunks/pages/_app-4df02a410eaa6a00.js:0
[  282826ms] [INFO] [Notifly] Notifly SDK is not initialized. Requested command will be executed as soon as the SDK is initialized. @ https://www.machuda.kr/_next/static/chunks/pages/_app-4df02a410eaa6a00.js:0
[  282831ms] [WARNING] <meta name="apple-mobile-web-app-capable" content="yes"> is deprecated. Please include <meta name="mobile-web-app-capable" content="yes"> @ https://www.machuda.kr/learning/certification/%EB%B9%85%EB%8D%B0%EC%9D%B4%ED%84%B0%EB%B6%84%EC%84%9D%EA%B8%B0%EC%82%AC/written/pastExam/practice/study?page=2&pastExamId=2048&title=2021%EB%85%84%EB%8F%84%202%ED%9A%8C%EC%B0%A8:0
[  282848ms] [INFO] [Notifly] Notifly SDK is not initialized. Requested command will be executed as soon as the SDK is initialized. @ https://www.machuda.kr/_next/static/chunks/pages/_app-4df02a410eaa6a00.js:0
[  282848ms] [LOG] 🔍 [getPartnerNameByDomain] 입력: {hostname: www.machuda.kr, normalized: www.machuda.kr} @ https://www.machuda.kr/_next/static/chunks/pages/_app-4df02a410eaa6a00.js:0
[  282849ms] [LOG]   ❌ 결과: null @ https://www.machuda.kr/_next/static/chunks/pages/_app-4df02a410eaa6a00.js:0
[  282853ms] [INFO] [Notifly] Notifly SDK is not initialized. Requested command will be executed as soon as the SDK is initialized. @ https://www.machuda.kr/_next/static/chunks/pages/_app-4df02a410eaa6a00.js:0
[  286979ms] [WARNING] The key "maximum-scale-1.0" is not recognized and ignored. @ https://www.machuda.kr/learning/certification/%EB%B9%85%EB%8D%B0%EC%9D%B4%ED%84%B0%EB%B6%84%EC%84%9D%EA%B8%B0%EC%82%AC/written/pastExam/practice/study?page=3&pastExamId=2048&title=2021%EB%85%84%EB%8F%84%202%ED%9A%8C%EC%B0%A8:0
[  287026ms] [INFO] [Notifly] Notifly SDK is not initialized. Requested command will be executed as soon as the SDK is initialized. @ https://www.machuda.kr/_next/static/chunks/pages/_app-4df02a410eaa6a00.js:0
[  287048ms] [INFO] [Notifly] Notifly SDK is not initialized. Requested command will be executed as soon as the SDK is initialized. @ https://www.machuda.kr/_next/static/chunks/pages/_app-4df02a410eaa6a00.js:0
[  287048ms] [INFO] [Notifly] Notifly SDK is not initialized. Requested command will be executed as soon as the SDK is initialized. @ https://www.machuda.kr/_next/static/chunks/pages/_app-4df02a410eaa6a00.js:0
[  287051ms] [WARNING] <meta name="apple-mobile-web-app-capable" content="yes"> is deprecated. Please include <meta name="mobile-web-app-capable" content="yes"> @ https://www.machuda.kr/learning/certification/%EB%B9%85%EB%8D%B0%EC%9D%B4%ED%84%B0%EB%B6%84%EC%84%9D%EA%B8%B0%EC%82%AC/written/pastExam/practice/study?page=3&pastExamId=2048&title=2021%EB%85%84%EB%8F%84%202%ED%9A%8C%EC%B0%A8:0
[  287060ms] [INFO] [Notifly] Notifly SDK is not initialized. Requested command will be executed as soon as the SDK is initialized. @ https://www.machuda.kr/_next/static/chunks/pages/_app-4df02a410eaa6a00.js:0
[  287061ms] [LOG] 🔍 [getPartnerNameByDomain] 입력: {hostname: www.machuda.kr, normalized: www.machuda.kr} @ https://www.machuda.kr/_next/static/chunks/pages/_app-4df02a410eaa6a00.js:0
[  287061ms] [LOG]   ❌ 결과: null @ https://www.machuda.kr/_next/static/chunks/pages/_app-4df02a410eaa6a00.js:0
[  287068ms] [INFO] [Notifly] Notifly SDK is not initialized. Requested command will be executed as soon as the SDK is initialized. @ https://www.machuda.kr/_next/static/chunks/pages/_app-4df02a410eaa6a00.js:0
[  293512ms] [WARNING] The key "maximum-scale-1.0" is not recognized and ignored. @ https://www.machuda.kr/learning/certification/%EB%B9%85%EB%8D%B0%EC%9D%B4%ED%84%B0%EB%B6%84%EC%84%9D%EA%B8%B0%EC%82%AC/written/pastExam/practice/study?page=4&pastExamId=2048&title=2021%EB%85%84%EB%8F%84%202%ED%9A%8C%EC%B0%A8:0
[  293562ms] [INFO] [Notifly] Notifly SDK is not initialized. Requested command will be executed as soon as the SDK is initialized. @ https://www.machuda.kr/_next/static/chunks/pages/_app-4df02a410eaa6a00.js:0
[  293581ms] [INFO] [Notifly] Notifly SDK is not initialized. Requested command will be executed as soon as the SDK is initialized. @ https://www.machuda.kr/_next/static/chunks/pages/_app-4df02a410eaa6a00.js:0
[  293581ms] [INFO] [Notifly] Notifly SDK is not initialized. Requested command will be executed as soon as the SDK is initialized. @ https://www.machuda.kr/_next/static/chunks/pages/_app-4df02a410eaa6a00.js:0
[  293587ms] [WARNING] <meta name="apple-mobile-web-app-capable" content="yes"> is deprecated. Please include <meta name="mobile-web-app-capable" content="yes"> @ https://www.machuda.kr/learning/certification/%EB%B9%85%EB%8D%B0%EC%9D%B4%ED%84%B0%EB%B6%84%EC%84%9D%EA%B8%B0%EC%82%AC/written/pastExam/practice/study?page=4&pastExamId=2048&title=2021%EB%85%84%EB%8F%84%202%ED%9A%8C%EC%B0%A8:0
[  293594ms] [INFO] [Notifly] Notifly SDK is not initialized. Requested command will be executed as soon as the SDK is initialized. @ https://www.machuda.kr/_next/static/chunks/pages/_app-4df02a410eaa6a00.js:0
[  293595ms] [LOG] 🔍 [getPartnerNameByDomain] 입력: {hostname: www.machuda.kr, normalized: www.machuda.kr} @ https://www.machuda.kr/_next/static/chunks/pages/_app-4df02a410eaa6a00.js:0
[  293595ms] [LOG]   ❌ 결과: null @ https://www.machuda.kr/_next/static/chunks/pages/_app-4df02a410eaa6a00.js:0
[  293602ms] [INFO] [Notifly] Notifly SDK is not initialized. Requested command will be executed as soon as the SDK is initialized. @ https://www.machuda.kr/_next/static/chunks/pages/_app-4df02a410eaa6a00.js:0
[  297734ms] [WARNING] The key "maximum-scale-1.0" is not recognized and ignored. @ https://www.machuda.kr/learning/certification/%EB%B9%85%EB%8D%B0%EC%9D%B4%ED%84%B0%EB%B6%84%EC%84%9D%EA%B8%B0%EC%82%AC/written/pastExam/practice/study?page=5&pastExamId=2048&title=2021%EB%85%84%EB%8F%84%202%ED%9A%8C%EC%B0%A8:0
[  297783ms] [INFO] [Notifly] Notifly SDK is not initialized. Requested command will be executed as soon as the SDK is initialized. @ https://www.machuda.kr/_next/static/chunks/pages/_app-4df02a410eaa6a00.js:0
[  297804ms] [INFO] [Notifly] Notifly SDK is not initialized. Requested command will be executed as soon as the SDK is initialized. @ https://www.machuda.kr/_next/static/chunks/pages/_app-4df02a410eaa6a00.js:0
[  297804ms] [INFO] [Notifly] Notifly SDK is not initialized. Requested command will be executed as soon as the SDK is initialized. @ https://www.machuda.kr/_next/static/chunks/pages/_app-4df02a410eaa6a00.js:0
[  297807ms] [WARNING] <meta name="apple-mobile-web-app-capable" content="yes"> is deprecated. Please include <meta name="mobile-web-app-capable" content="yes"> @ https://www.machuda.kr/learning/certification/%EB%B9%85%EB%8D%B0%EC%9D%B4%ED%84%B0%EB%B6%84%EC%84%9D%EA%B8%B0%EC%82%AC/written/pastExam/practice/study?page=5&pastExamId=2048&title=2021%EB%85%84%EB%8F%84%202%ED%9A%8C%EC%B0%A8:0
[  297817ms] [INFO] [Notifly] Notifly SDK is not initialized. Requested command will be executed as soon as the SDK is initialized. @ https://www.machuda.kr/_next/static/chunks/pages/_app-4df02a410eaa6a00.js:0
[  297818ms] [LOG] 🔍 [getPartnerNameByDomain] 입력: {hostname: www.machuda.kr, normalized: www.machuda.kr} @ https://www.machuda.kr/_next/static/chunks/pages/_app-4df02a410eaa6a00.js:0
[  297818ms] [LOG]   ❌ 결과: null @ https://www.machuda.kr/_next/static/chunks/pages/_app-4df02a410eaa6a00.js:0
[  297828ms] [INFO] [Notifly] Notifly SDK is not initialized. Requested command will be executed as soon as the SDK is initialized. @ https://www.machuda.kr/_next/static/chunks/pages/_app-4df02a410eaa6a00.js:0
[  301972ms] [WARNING] The key "maximum-scale-1.0" is not recognized and ignored. @ https://www.machuda.kr/learning/certification/%EB%B9%85%EB%8D%B0%EC%9D%B4%ED%84%B0%EB%B6%84%EC%84%9D%EA%B8%B0%EC%82%AC/written/pastExam/practice/study?page=6&pastExamId=2048&title=2021%EB%85%84%EB%8F%84%202%ED%9A%8C%EC%B0%A8:0
[  302021ms] [INFO] [Notifly] Notifly SDK is not initialized. Requested command will be executed as soon as the SDK is initialized. @ https://www.machuda.kr/_next/static/chunks/pages/_app-4df02a410eaa6a00.js:0
[  302041ms] [INFO] [Notifly] Notifly SDK is not initialized. Requested command will be executed as soon as the SDK is initialized. @ https://www.machuda.kr/_next/static/chunks/pages/_app-4df02a410eaa6a00.js:0
[  302041ms] [INFO] [Notifly] Notifly SDK is not initialized. Requested command will be executed as soon as the SDK is initialized. @ https://www.machuda.kr/_next/static/chunks/pages/_app-4df02a410eaa6a00.js:0
[  302044ms] [WARNING] <meta name="apple-mobile-web-app-capable" content="yes"> is deprecated. Please include <meta name="mobile-web-app-capable" content="yes"> @ https://www.machuda.kr/learning/certification/%EB%B9%85%EB%8D%B0%EC%9D%B4%ED%84%B0%EB%B6%84%EC%84%9D%EA%B8%B0%EC%82%AC/written/pastExam/practice/study?page=6&pastExamId=2048&title=2021%EB%85%84%EB%8F%84%202%ED%9A%8C%EC%B0%A8:0
[  302052ms] [INFO] [Notifly] Notifly SDK is not initialized. Requested command will be executed as soon as the SDK is initialized. @ https://www.machuda.kr/_next/static/chunks/pages/_app-4df02a410eaa6a00.js:0
[  302053ms] [LOG] 🔍 [getPartnerNameByDomain] 입력: {hostname: www.machuda.kr, normalized: www.machuda.kr} @ https://www.machuda.kr/_next/static/chunks/pages/_app-4df02a410eaa6a00.js:0
[  302053ms] [LOG]   ❌ 결과: null @ https://www.machuda.kr/_next/static/chunks/pages/_app-4df02a410eaa6a00.js:0
[  302059ms] [INFO] [Notifly] Notifly SDK is not initialized. Requested command will be executed as soon as the SDK is initialized. @ https://www.machuda.kr/_next/static/chunks/pages/_app-4df02a410eaa6a00.js:0
[  306211ms] [WARNING] The key "maximum-scale-1.0" is not recognized and ignored. @ https://www.machuda.kr/learning/certification/%EB%B9%85%EB%8D%B0%EC%9D%B4%ED%84%B0%EB%B6%84%EC%84%9D%EA%B8%B0%EC%82%AC/written/pastExam/practice/study?page=7&pastExamId=2048&title=2021%EB%85%84%EB%8F%84%202%ED%9A%8C%EC%B0%A8:0
[  306259ms] [INFO] [Notifly] Notifly SDK is not initialized. Requested command will be executed as soon as the SDK is initialized. @ https://www.machuda.kr/_next/static/chunks/pages/_app-4df02a410eaa6a00.js:0
[  306280ms] [INFO] [Notifly] Notifly SDK is not initialized. Requested command will be executed as soon as the SDK is initialized. @ https://www.machuda.kr/_next/static/chunks/pages/_app-4df02a410eaa6a00.js:0
[  306280ms] [INFO] [Notifly] Notifly SDK is not initialized. Requested command will be executed as soon as the SDK is initialized. @ https://www.machuda.kr/_next/static/chunks/pages/_app-4df02a410eaa6a00.js:0
[  306283ms] [WARNING] <meta name="apple-mobile-web-app-capable" content="yes"> is deprecated. Please include <meta name="mobile-web-app-capable" content="yes"> @ https://www.machuda.kr/learning/certification/%EB%B9%85%EB%8D%B0%EC%9D%B4%ED%84%B0%EB%B6%84%EC%84%9D%EA%B8%B0%EC%82%AC/written/pastExam/practice/study?page=7&pastExamId=2048&title=2021%EB%85%84%EB%8F%84%202%ED%9A%8C%EC%B0%A8:0
[  306291ms] [INFO] [Notifly] Notifly SDK is not initialized. Requested command will be executed as soon as the SDK is initialized. @ https://www.machuda.kr/_next/static/chunks/pages/_app-4df02a410eaa6a00.js:0
[  306292ms] [LOG] 🔍 [getPartnerNameByDomain] 입력: {hostname: www.machuda.kr, normalized: www.machuda.kr} @ https://www.machuda.kr/_next/static/chunks/pages/_app-4df02a410eaa6a00.js:0
[  306293ms] [LOG]   ❌ 결과: null @ https://www.machuda.kr/_next/static/chunks/pages/_app-4df02a410eaa6a00.js:0
[  306299ms] [INFO] [Notifly] Notifly SDK is not initialized. Requested command will be executed as soon as the SDK is initialized. @ https://www.machuda.kr/_next/static/chunks/pages/_app-4df02a410eaa6a00.js:0
[  312747ms] [WARNING] The key "maximum-scale-1.0" is not recognized and ignored. @ https://www.machuda.kr/learning/certification/%EB%B9%85%EB%8D%B0%EC%9D%B4%ED%84%B0%EB%B6%84%EC%84%9D%EA%B8%B0%EC%82%AC/written/pastExam/practice/study?page=8&pastExamId=2048&title=2021%EB%85%84%EB%8F%84%202%ED%9A%8C%EC%B0%A8:0
[  312806ms] [INFO] [Notifly] Notifly SDK is not initialized. Requested command will be executed as soon as the SDK is initialized. @ https://www.machuda.kr/_next/static/chunks/pages/_app-4df02a410eaa6a00.js:0
[  312831ms] [INFO] [Notifly] Notifly SDK is not initialized. Requested command will be executed as soon as the SDK is initialized. @ https://www.machuda.kr/_next/static/chunks/pages/_app-4df02a410eaa6a00.js:0
[  312831ms] [INFO] [Notifly] Notifly SDK is not initialized. Requested command will be executed as soon as the SDK is initialized. @ https://www.machuda.kr/_next/static/chunks/pages/_app-4df02a410eaa6a00.js:0
[  312834ms] [WARNING] <meta name="apple-mobile-web-app-capable" content="yes"> is deprecated. Please include <meta name="mobile-web-app-capable" content="yes"> @ https://www.machuda.kr/learning/certification/%EB%B9%85%EB%8D%B0%EC%9D%B4%ED%84%B0%EB%B6%84%EC%84%9D%EA%B8%B0%EC%82%AC/written/pastExam/practice/study?page=8&pastExamId=2048&title=2021%EB%85%84%EB%8F%84%202%ED%9A%8C%EC%B0%A8:0
[  312852ms] [INFO] [Notifly] Notifly SDK is not initialized. Requested command will be executed as soon as the SDK is initialized. @ https://www.machuda.kr/_next/static/chunks/pages/_app-4df02a410eaa6a00.js:0
[  312853ms] [LOG] 🔍 [getPartnerNameByDomain] 입력: {hostname: www.machuda.kr, normalized: www.machuda.kr} @ https://www.machuda.kr/_next/static/chunks/pages/_app-4df02a410eaa6a00.js:0
[  312853ms] [LOG]   ❌ 결과: null @ https://www.machuda.kr/_next/static/chunks/pages/_app-4df02a410eaa6a00.js:0
[  312857ms] [INFO] [Notifly] Notifly SDK is not initialized. Requested command will be executed as soon as the SDK is initialized. @ https://www.machuda.kr/_next/static/chunks/pages/_app-4df02a410eaa6a00.js:0
[  316994ms] [WARNING] The key "maximum-scale-1.0" is not recognized and ignored. @ https://www.machuda.kr/learning/certification/%EB%B9%85%EB%8D%B0%EC%9D%B4%ED%84%B0%EB%B6%84%EC%84%9D%EA%B8%B0%EC%82%AC/written/pastExam/practice/study?page=9&pastExamId=2048&title=2021%EB%85%84%EB%8F%84%202%ED%9A%8C%EC%B0%A8:0
[  317049ms] [INFO] [Notifly] Notifly SDK is not initialized. Requested command will be executed as soon as the SDK is initialized. @ https://www.machuda.kr/_next/static/chunks/pages/_app-4df02a410eaa6a00.js:0
[  317072ms] [INFO] [Notifly] Notifly SDK is not initialized. Requested command will be executed as soon as the SDK is initialized. @ https://www.machuda.kr/_next/static/chunks/pages/_app-4df02a410eaa6a00.js:0
[  317072ms] [INFO] [Notifly] Notifly SDK is not initialized. Requested command will be executed as soon as the SDK is initialized. @ https://www.machuda.kr/_next/static/chunks/pages/_app-4df02a410eaa6a00.js:0
[  317077ms] [WARNING] <meta name="apple-mobile-web-app-capable" content="yes"> is deprecated. Please include <meta name="mobile-web-app-capable" content="yes"> @ https://www.machuda.kr/learning/certification/%EB%B9%85%EB%8D%B0%EC%9D%B4%ED%84%B0%EB%B6%84%EC%84%9D%EA%B8%B0%EC%82%AC/written/pastExam/practice/study?page=9&pastExamId=2048&title=2021%EB%85%84%EB%8F%84%202%ED%9A%8C%EC%B0%A8:0
[  317087ms] [INFO] [Notifly] Notifly SDK is not initialized. Requested command will be executed as soon as the SDK is initialized. @ https://www.machuda.kr/_next/static/chunks/pages/_app-4df02a410eaa6a00.js:0
[  317088ms] [LOG] 🔍 [getPartnerNameByDomain] 입력: {hostname: www.machuda.kr, normalized: www.machuda.kr} @ https://www.machuda.kr/_next/static/chunks/pages/_app-4df02a410eaa6a00.js:0
[  317088ms] [LOG]   ❌ 결과: null @ https://www.machuda.kr/_next/static/chunks/pages/_app-4df02a410eaa6a00.js:0
[  317094ms] [INFO] [Notifly] Notifly SDK is not initialized. Requested command will be executed as soon as the SDK is initialized. @ https://www.machuda.kr/_next/static/chunks/pages/_app-4df02a410eaa6a00.js:0
[  321234ms] [WARNING] The key "maximum-scale-1.0" is not recognized and ignored. @ https://www.machuda.kr/learning/certification/%EB%B9%85%EB%8D%B0%EC%9D%B4%ED%84%B0%EB%B6%84%EC%84%9D%EA%B8%B0%EC%82%AC/written/pastExam/practice/study?page=10&pastExamId=2048&title=2021%EB%85%84%EB%8F%84%202%ED%9A%8C%EC%B0%A8:0
[  321295ms] [INFO] [Notifly] Notifly SDK is not initialized. Requested command will be executed as soon as the SDK is initialized. @ https://www.machuda.kr/_next/static/chunks/pages/_app-4df02a410eaa6a00.js:0
[  321322ms] [INFO] [Notifly] Notifly SDK is not initialized. Requested command will be executed as soon as the SDK is initialized. @ https://www.machuda.kr/_next/static/chunks/pages/_app-4df02a410eaa6a00.js:0
[  321323ms] [INFO] [Notifly] Notifly SDK is not initialized. Requested command will be executed as soon as the SDK is initialized. @ https://www.machuda.kr/_next/static/chunks/pages/_app-4df02a410eaa6a00.js:0
[  321329ms] [WARNING] <meta name="apple-mobile-web-app-capable" content="yes"> is deprecated. Please include <meta name="mobile-web-app-capable" content="yes"> @ https://www.machuda.kr/learning/certification/%EB%B9%85%EB%8D%B0%EC%9D%B4%ED%84%B0%EB%B6%84%EC%84%9D%EA%B8%B0%EC%82%AC/written/pastExam/practice/study?page=10&pastExamId=2048&title=2021%EB%85%84%EB%8F%84%202%ED%9A%8C%EC%B0%A8:0
[  321349ms] [INFO] [Notifly] Notifly SDK is not initialized. Requested command will be executed as soon as the SDK is initialized. @ https://www.machuda.kr/_next/static/chunks/pages/_app-4df02a410eaa6a00.js:0
[  321350ms] [LOG] 🔍 [getPartnerNameByDomain] 입력: {hostname: www.machuda.kr, normalized: www.machuda.kr} @ https://www.machuda.kr/_next/static/chunks/pages/_app-4df02a410eaa6a00.js:0
[  321350ms] [LOG]   ❌ 결과: null @ https://www.machuda.kr/_next/static/chunks/pages/_app-4df02a410eaa6a00.js:0
[  321355ms] [INFO] [Notifly] Notifly SDK is not initialized. Requested command will be executed as soon as the SDK is initialized. @ https://www.machuda.kr/_next/static/chunks/pages/_app-4df02a410eaa6a00.js:0
[  325480ms] [WARNING] The key "maximum-scale-1.0" is not recognized and ignored. @ https://www.machuda.kr/learning/certification/%EB%B9%85%EB%8D%B0%EC%9D%B4%ED%84%B0%EB%B6%84%EC%84%9D%EA%B8%B0%EC%82%AC/written/pastExam/practice/study?page=11&pastExamId=2048&title=2021%EB%85%84%EB%8F%84%202%ED%9A%8C%EC%B0%A8:0
[  325539ms] [INFO] [Notifly] Notifly SDK is not initialized. Requested command will be executed as soon as the SDK is initialized. @ https://www.machuda.kr/_next/static/chunks/pages/_app-4df02a410eaa6a00.js:0
[  325562ms] [INFO] [Notifly] Notifly SDK is not initialized. Requested command will be executed as soon as the SDK is initialized. @ https://www.machuda.kr/_next/static/chunks/pages/_app-4df02a410eaa6a00.js:0
[  325562ms] [INFO] [Notifly] Notifly SDK is not initialized. Requested command will be executed as soon as the SDK is initialized. @ https://www.machuda.kr/_next/static/chunks/pages/_app-4df02a410eaa6a00.js:0
[  325565ms] [WARNING] <meta name="apple-mobile-web-app-capable" content="yes"> is deprecated. Please include <meta name="mobile-web-app-capable" content="yes"> @ https://www.machuda.kr/learning/certification/%EB%B9%85%EB%8D%B0%EC%9D%B4%ED%84%B0%EB%B6%84%EC%84%9D%EA%B8%B0%EC%82%AC/written/pastExam/practice/study?page=11&pastExamId=2048&title=2021%EB%85%84%EB%8F%84%202%ED%9A%8C%EC%B0%A8:0
[  325575ms] [INFO] [Notifly] Notifly SDK is not initialized. Requested command will be executed as soon as the SDK is initialized. @ https://www.machuda.kr/_next/static/chunks/pages/_app-4df02a410eaa6a00.js:0
[  325577ms] [LOG] 🔍 [getPartnerNameByDomain] 입력: {hostname: www.machuda.kr, normalized: www.machuda.kr} @ https://www.machuda.kr/_next/static/chunks/pages/_app-4df02a410eaa6a00.js:0
[  325577ms] [LOG]   ❌ 결과: null @ https://www.machuda.kr/_next/static/chunks/pages/_app-4df02a410eaa6a00.js:0
[  325583ms] [INFO] [Notifly] Notifly SDK is not initialized. Requested command will be executed as soon as the SDK is initialized. @ https://www.machuda.kr/_next/static/chunks/pages/_app-4df02a410eaa6a00.js:0
[  331964ms] [WARNING] The key "maximum-scale-1.0" is not recognized and ignored. @ https://www.machuda.kr/learning/certification/%EB%B9%85%EB%8D%B0%EC%9D%B4%ED%84%B0%EB%B6%84%EC%84%9D%EA%B8%B0%EC%82%AC/written/pastExam/practice/study?page=12&pastExamId=2048&title=2021%EB%85%84%EB%8F%84%202%ED%9A%8C%EC%B0%A8:0
[  332021ms] [INFO] [Notifly] Notifly SDK is not initialized. Requested command will be executed as soon as the SDK is initialized. @ https://www.machuda.kr/_next/static/chunks/pages/_app-4df02a410eaa6a00.js:0
[  332043ms] [INFO] [Notifly] Notifly SDK is not initialized. Requested command will be executed as soon as the SDK is initialized. @ https://www.machuda.kr/_next/static/chunks/pages/_app-4df02a410eaa6a00.js:0
[  332043ms] [INFO] [Notifly] Notifly SDK is not initialized. Requested command will be executed as soon as the SDK is initialized. @ https://www.machuda.kr/_next/static/chunks/pages/_app-4df02a410eaa6a00.js:0
[  332049ms] [WARNING] <meta name="apple-mobile-web-app-capable" content="yes"> is deprecated. Please include <meta name="mobile-web-app-capable" content="yes"> @ https://www.machuda.kr/learning/certification/%EB%B9%85%EB%8D%B0%EC%9D%B4%ED%84%B0%EB%B6%84%EC%84%9D%EA%B8%B0%EC%82%AC/written/pastExam/practice/study?page=12&pastExamId=2048&title=2021%EB%85%84%EB%8F%84%202%ED%9A%8C%EC%B0%A8:0
[  332059ms] [INFO] [Notifly] Notifly SDK is not initialized. Requested command will be executed as soon as the SDK is initialized. @ https://www.machuda.kr/_next/static/chunks/pages/_app-4df02a410eaa6a00.js:0
[  332061ms] [LOG] 🔍 [getPartnerNameByDomain] 입력: {hostname: www.machuda.kr, normalized: www.machuda.kr} @ https://www.machuda.kr/_next/static/chunks/pages/_app-4df02a410eaa6a00.js:0
[  332061ms] [LOG]   ❌ 결과: null @ https://www.machuda.kr/_next/static/chunks/pages/_app-4df02a410eaa6a00.js:0
[  332067ms] [INFO] [Notifly] Notifly SDK is not initialized. Requested command will be executed as soon as the SDK is initialized. @ https://www.machuda.kr/_next/static/chunks/pages/_app-4df02a410eaa6a00.js:0
[  336179ms] [WARNING] The key "maximum-scale-1.0" is not recognized and ignored. @ https://www.machuda.kr/learning/certification/%EB%B9%85%EB%8D%B0%EC%9D%B4%ED%84%B0%EB%B6%84%EC%84%9D%EA%B8%B0%EC%82%AC/written/pastExam/practice/study?page=13&pastExamId=2048&title=2021%EB%85%84%EB%8F%84%202%ED%9A%8C%EC%B0%A8:0
[  336235ms] [INFO] [Notifly] Notifly SDK is not initialized. Requested command will be executed as soon as the SDK is initialized. @ https://www.machuda.kr/_next/static/chunks/pages/_app-4df02a410eaa6a00.js:0
[  336268ms] [INFO] [Notifly] Notifly SDK is not initialized. Requested command will be executed as soon as the SDK is initialized. @ https://www.machuda.kr/_next/static/chunks/pages/_app-4df02a410eaa6a00.js:0
[  336268ms] [INFO] [Notifly] Notifly SDK is not initialized. Requested command will be executed as soon as the SDK is initialized. @ https://www.machuda.kr/_next/static/chunks/pages/_app-4df02a410eaa6a00.js:0
[  336271ms] [WARNING] <meta name="apple-mobile-web-app-capable" content="yes"> is deprecated. Please include <meta name="mobile-web-app-capable" content="yes"> @ https://www.machuda.kr/learning/certification/%EB%B9%85%EB%8D%B0%EC%9D%B4%ED%84%B0%EB%B6%84%EC%84%9D%EA%B8%B0%EC%82%AC/written/pastExam/practice/study?page=13&pastExamId=2048&title=2021%EB%85%84%EB%8F%84%202%ED%9A%8C%EC%B0%A8:0
[  336294ms] [INFO] [Notifly] Notifly SDK is not initialized. Requested command will be executed as soon as the SDK is initialized. @ https://www.machuda.kr/_next/static/chunks/pages/_app-4df02a410eaa6a00.js:0
[  336295ms] [LOG] 🔍 [getPartnerNameByDomain] 입력: {hostname: www.machuda.kr, normalized: www.machuda.kr} @ https://www.machuda.kr/_next/static/chunks/pages/_app-4df02a410eaa6a00.js:0
[  336296ms] [LOG]   ❌ 결과: null @ https://www.machuda.kr/_next/static/chunks/pages/_app-4df02a410eaa6a00.js:0
[  336306ms] [INFO] [Notifly] Notifly SDK is not initialized. Requested command will be executed as soon as the SDK is initialized. @ https://www.machuda.kr/_next/static/chunks/pages/_app-4df02a410eaa6a00.js:0
[  340409ms] [WARNING] The key "maximum-scale-1.0" is not recognized and ignored. @ https://www.machuda.kr/learning/certification/%EB%B9%85%EB%8D%B0%EC%9D%B4%ED%84%B0%EB%B6%84%EC%84%9D%EA%B8%B0%EC%82%AC/written/pastExam/practice/study?page=14&pastExamId=2048&title=2021%EB%85%84%EB%8F%84%202%ED%9A%8C%EC%B0%A8:0
[  340465ms] [INFO] [Notifly] Notifly SDK is not initialized. Requested command will be executed as soon as the SDK is initialized. @ https://www.machuda.kr/_next/static/chunks/pages/_app-4df02a410eaa6a00.js:0
[  340499ms] [INFO] [Notifly] Notifly SDK is not initialized. Requested command will be executed as soon as the SDK is initialized. @ https://www.machuda.kr/_next/static/chunks/pages/_app-4df02a410eaa6a00.js:0
[  340500ms] [INFO] [Notifly] Notifly SDK is not initialized. Requested command will be executed as soon as the SDK is initialized. @ https://www.machuda.kr/_next/static/chunks/pages/_app-4df02a410eaa6a00.js:0
[  340500ms] [WARNING] <meta name="apple-mobile-web-app-capable" content="yes"> is deprecated. Please include <meta name="mobile-web-app-capable" content="yes"> @ https://www.machuda.kr/learning/certification/%EB%B9%85%EB%8D%B0%EC%9D%B4%ED%84%B0%EB%B6%84%EC%84%9D%EA%B8%B0%EC%82%AC/written/pastExam/practice/study?page=14&pastExamId=2048&title=2021%EB%85%84%EB%8F%84%202%ED%9A%8C%EC%B0%A8:0
[  340517ms] [INFO] [Notifly] Notifly SDK is not initialized. Requested command will be executed as soon as the SDK is initialized. @ https://www.machuda.kr/_next/static/chunks/pages/_app-4df02a410eaa6a00.js:0
[  340518ms] [LOG] 🔍 [getPartnerNameByDomain] 입력: {hostname: www.machuda.kr, normalized: www.machuda.kr} @ https://www.machuda.kr/_next/static/chunks/pages/_app-4df02a410eaa6a00.js:0
[  340518ms] [LOG]   ❌ 결과: null @ https://www.machuda.kr/_next/static/chunks/pages/_app-4df02a410eaa6a00.js:0
[  340523ms] [INFO] [Notifly] Notifly SDK is not initialized. Requested command will be executed as soon as the SDK is initialized. @ https://www.machuda.kr/_next/static/chunks/pages/_app-4df02a410eaa6a00.js:0
[  344653ms] [WARNING] The key "maximum-scale-1.0" is not recognized and ignored. @ https://www.machuda.kr/learning/certification/%EB%B9%85%EB%8D%B0%EC%9D%B4%ED%84%B0%EB%B6%84%EC%84%9D%EA%B8%B0%EC%82%AC/written/pastExam/practice/study?page=15&pastExamId=2048&title=2021%EB%85%84%EB%8F%84%202%ED%9A%8C%EC%B0%A8:0
[  344706ms] [INFO] [Notifly] Notifly SDK is not initialized. Requested command will be executed as soon as the SDK is initialized. @ https://www.machuda.kr/_next/static/chunks/pages/_app-4df02a410eaa6a00.js:0
[  344733ms] [INFO] [Notifly] Notifly SDK is not initialized. Requested command will be executed as soon as the SDK is initialized. @ https://www.machuda.kr/_next/static/chunks/pages/_app-4df02a410eaa6a00.js:0
[  344733ms] [INFO] [Notifly] Notifly SDK is not initialized. Requested command will be executed as soon as the SDK is initialized. @ https://www.machuda.kr/_next/static/chunks/pages/_app-4df02a410eaa6a00.js:0
[  344736ms] [WARNING] <meta name="apple-mobile-web-app-capable" content="yes"> is deprecated. Please include <meta name="mobile-web-app-capable" content="yes"> @ https://www.machuda.kr/learning/certification/%EB%B9%85%EB%8D%B0%EC%9D%B4%ED%84%B0%EB%B6%84%EC%84%9D%EA%B8%B0%EC%82%AC/written/pastExam/practice/study?page=15&pastExamId=2048&title=2021%EB%85%84%EB%8F%84%202%ED%9A%8C%EC%B0%A8:0
[  344753ms] [INFO] [Notifly] Notifly SDK is not initialized. Requested command will be executed as soon as the SDK is initialized. @ https://www.machuda.kr/_next/static/chunks/pages/_app-4df02a410eaa6a00.js:0
[  344754ms] [LOG] 🔍 [getPartnerNameByDomain] 입력: {hostname: www.machuda.kr, normalized: www.machuda.kr} @ https://www.machuda.kr/_next/static/chunks/pages/_app-4df02a410eaa6a00.js:0
[  344754ms] [LOG]   ❌ 결과: null @ https://www.machuda.kr/_next/static/chunks/pages/_app-4df02a410eaa6a00.js:0
[  344764ms] [INFO] [Notifly] Notifly SDK is not initialized. Requested command will be executed as soon as the SDK is initialized. @ https://www.machuda.kr/_next/static/chunks/pages/_app-4df02a410eaa6a00.js:0
[  348901ms] [WARNING] The key "maximum-scale-1.0" is not recognized and ignored. @ https://www.machuda.kr/learning/certification/%EB%B9%85%EB%8D%B0%EC%9D%B4%ED%84%B0%EB%B6%84%EC%84%9D%EA%B8%B0%EC%82%AC/written/pastExam/practice/study?page=16&pastExamId=2048&title=2021%EB%85%84%EB%8F%84%202%ED%9A%8C%EC%B0%A8:0
[  348957ms] [INFO] [Notifly] Notifly SDK is not initialized. Requested command will be executed as soon as the SDK is initialized. @ https://www.machuda.kr/_next/static/chunks/pages/_app-4df02a410eaa6a00.js:0
[  348980ms] [INFO] [Notifly] Notifly SDK is not initialized. Requested command will be executed as soon as the SDK is initialized. @ https://www.machuda.kr/_next/static/chunks/pages/_app-4df02a410eaa6a00.js:0
[  348980ms] [INFO] [Notifly] Notifly SDK is not initialized. Requested command will be executed as soon as the SDK is initialized. @ https://www.machuda.kr/_next/static/chunks/pages/_app-4df02a410eaa6a00.js:0
[  348983ms] [WARNING] <meta name="apple-mobile-web-app-capable" content="yes"> is deprecated. Please include <meta name="mobile-web-app-capable" content="yes"> @ https://www.machuda.kr/learning/certification/%EB%B9%85%EB%8D%B0%EC%9D%B4%ED%84%B0%EB%B6%84%EC%84%9D%EA%B8%B0%EC%82%AC/written/pastExam/practice/study?page=16&pastExamId=2048&title=2021%EB%85%84%EB%8F%84%202%ED%9A%8C%EC%B0%A8:0
[  348999ms] [INFO] [Notifly] Notifly SDK is not initialized. Requested command will be executed as soon as the SDK is initialized. @ https://www.machuda.kr/_next/static/chunks/pages/_app-4df02a410eaa6a00.js:0
[  349000ms] [LOG] 🔍 [getPartnerNameByDomain] 입력: {hostname: www.machuda.kr, normalized: www.machuda.kr} @ https://www.machuda.kr/_next/static/chunks/pages/_app-4df02a410eaa6a00.js:0
[  349001ms] [LOG]   ❌ 결과: null @ https://www.machuda.kr/_next/static/chunks/pages/_app-4df02a410eaa6a00.js:0
[  349005ms] [INFO] [Notifly] Notifly SDK is not initialized. Requested command will be executed as soon as the SDK is initialized. @ https://www.machuda.kr/_next/static/chunks/pages/_app-4df02a410eaa6a00.js:0
[  355271ms] [WARNING] The key "maximum-scale-1.0" is not recognized and ignored. @ https://www.machuda.kr/learning/certification/%EB%B9%85%EB%8D%B0%EC%9D%B4%ED%84%B0%EB%B6%84%EC%84%9D%EA%B8%B0%EC%82%AC/written/pastExam/practice/study?page=17&pastExamId=2048&title=2021%EB%85%84%EB%8F%84%202%ED%9A%8C%EC%B0%A8:0
[  355329ms] [INFO] [Notifly] Notifly SDK is not initialized. Requested command will be executed as soon as the SDK is initialized. @ https://www.machuda.kr/_next/static/chunks/pages/_app-4df02a410eaa6a00.js:0
[  355351ms] [INFO] [Notifly] Notifly SDK is not initialized. Requested command will be executed as soon as the SDK is initialized. @ https://www.machuda.kr/_next/static/chunks/pages/_app-4df02a410eaa6a00.js:0
[  355351ms] [INFO] [Notifly] Notifly SDK is not initialized. Requested command will be executed as soon as the SDK is initialized. @ https://www.machuda.kr/_next/static/chunks/pages/_app-4df02a410eaa6a00.js:0
[  355358ms] [WARNING] <meta name="apple-mobile-web-app-capable" content="yes"> is deprecated. Please include <meta name="mobile-web-app-capable" content="yes"> @ https://www.machuda.kr/learning/certification/%EB%B9%85%EB%8D%B0%EC%9D%B4%ED%84%B0%EB%B6%84%EC%84%9D%EA%B8%B0%EC%82%AC/written/pastExam/practice/study?page=17&pastExamId=2048&title=2021%EB%85%84%EB%8F%84%202%ED%9A%8C%EC%B0%A8:0
[  355369ms] [INFO] [Notifly] Notifly SDK is not initialized. Requested command will be executed as soon as the SDK is initialized. @ https://www.machuda.kr/_next/static/chunks/pages/_app-4df02a410eaa6a00.js:0
[  355370ms] [LOG] 🔍 [getPartnerNameByDomain] 입력: {hostname: www.machuda.kr, normalized: www.machuda.kr} @ https://www.machuda.kr/_next/static/chunks/pages/_app-4df02a410eaa6a00.js:0
[  355370ms] [LOG]   ❌ 결과: null @ https://www.machuda.kr/_next/static/chunks/pages/_app-4df02a410eaa6a00.js:0
[  355377ms] [INFO] [Notifly] Notifly SDK is not initialized. Requested command will be executed as soon as the SDK is initialized. @ https://www.machuda.kr/_next/static/chunks/pages/_app-4df02a410eaa6a00.js:0
[  359530ms] [WARNING] The key "maximum-scale-1.0" is not recognized and ignored. @ https://www.machuda.kr/learning/certification/%EB%B9%85%EB%8D%B0%EC%9D%B4%ED%84%B0%EB%B6%84%EC%84%9D%EA%B8%B0%EC%82%AC/written/pastExam/practice/study?page=18&pastExamId=2048&title=2021%EB%85%84%EB%8F%84%202%ED%9A%8C%EC%B0%A8:0
[  359580ms] [INFO] [Notifly] Notifly SDK is not initialized. Requested command will be executed as soon as the SDK is initialized. @ https://www.machuda.kr/_next/static/chunks/pages/_app-4df02a410eaa6a00.js:0
[  359604ms] [INFO] [Notifly] Notifly SDK is not initialized. Requested command will be executed as soon as the SDK is initialized. @ https://www.machuda.kr/_next/static/chunks/pages/_app-4df02a410eaa6a00.js:0
[  359605ms] [INFO] [Notifly] Notifly SDK is not initialized. Requested command will be executed as soon as the SDK is initialized. @ https://www.machuda.kr/_next/static/chunks/pages/_app-4df02a410eaa6a00.js:0
[  359610ms] [WARNING] <meta name="apple-mobile-web-app-capable" content="yes"> is deprecated. Please include <meta name="mobile-web-app-capable" content="yes"> @ https://www.machuda.kr/learning/certification/%EB%B9%85%EB%8D%B0%EC%9D%B4%ED%84%B0%EB%B6%84%EC%84%9D%EA%B8%B0%EC%82%AC/written/pastExam/practice/study?page=18&pastExamId=2048&title=2021%EB%85%84%EB%8F%84%202%ED%9A%8C%EC%B0%A8:0
[  359621ms] [INFO] [Notifly] Notifly SDK is not initialized. Requested command will be executed as soon as the SDK is initialized. @ https://www.machuda.kr/_next/static/chunks/pages/_app-4df02a410eaa6a00.js:0
[  359622ms] [LOG] 🔍 [getPartnerNameByDomain] 입력: {hostname: www.machuda.kr, normalized: www.machuda.kr} @ https://www.machuda.kr/_next/static/chunks/pages/_app-4df02a410eaa6a00.js:0
[  359623ms] [LOG]   ❌ 결과: null @ https://www.machuda.kr/_next/static/chunks/pages/_app-4df02a410eaa6a00.js:0
[  359628ms] [INFO] [Notifly] Notifly SDK is not initialized. Requested command will be executed as soon as the SDK is initialized. @ https://www.machuda.kr/_next/static/chunks/pages/_app-4df02a410eaa6a00.js:0
[  363775ms] [WARNING] The key "maximum-scale-1.0" is not recognized and ignored. @ https://www.machuda.kr/learning/certification/%EB%B9%85%EB%8D%B0%EC%9D%B4%ED%84%B0%EB%B6%84%EC%84%9D%EA%B8%B0%EC%82%AC/written/pastExam/practice/study?page=19&pastExamId=2048&title=2021%EB%85%84%EB%8F%84%202%ED%9A%8C%EC%B0%A8:0
[  363831ms] [INFO] [Notifly] Notifly SDK is not initialized. Requested command will be executed as soon as the SDK is initialized. @ https://www.machuda.kr/_next/static/chunks/pages/_app-4df02a410eaa6a00.js:0
[  363854ms] [INFO] [Notifly] Notifly SDK is not initialized. Requested command will be executed as soon as the SDK is initialized. @ https://www.machuda.kr/_next/static/chunks/pages/_app-4df02a410eaa6a00.js:0
[  363854ms] [INFO] [Notifly] Notifly SDK is not initialized. Requested command will be executed as soon as the SDK is initialized. @ https://www.machuda.kr/_next/static/chunks/pages/_app-4df02a410eaa6a00.js:0
[  363860ms] [WARNING] <meta name="apple-mobile-web-app-capable" content="yes"> is deprecated. Please include <meta name="mobile-web-app-capable" content="yes"> @ https://www.machuda.kr/learning/certification/%EB%B9%85%EB%8D%B0%EC%9D%B4%ED%84%B0%EB%B6%84%EC%84%9D%EA%B8%B0%EC%82%AC/written/pastExam/practice/study?page=19&pastExamId=2048&title=2021%EB%85%84%EB%8F%84%202%ED%9A%8C%EC%B0%A8:0
[  363884ms] [INFO] [Notifly] Notifly SDK is not initialized. Requested command will be executed as soon as the SDK is initialized. @ https://www.machuda.kr/_next/static/chunks/pages/_app-4df02a410eaa6a00.js:0
[  363884ms] [LOG] 🔍 [getPartnerNameByDomain] 입력: {hostname: www.machuda.kr, normalized: www.machuda.kr} @ https://www.machuda.kr/_next/static/chunks/pages/_app-4df02a410eaa6a00.js:0
[  363885ms] [LOG]   ❌ 결과: null @ https://www.machuda.kr/_next/static/chunks/pages/_app-4df02a410eaa6a00.js:0
[  363890ms] [INFO] [Notifly] Notifly SDK is not initialized. Requested command will be executed as soon as the SDK is initialized. @ https://www.machuda.kr/_next/static/chunks/pages/_app-4df02a410eaa6a00.js:0
[  368018ms] [WARNING] The key "maximum-scale-1.0" is not recognized and ignored. @ https://www.machuda.kr/learning/certification/%EB%B9%85%EB%8D%B0%EC%9D%B4%ED%84%B0%EB%B6%84%EC%84%9D%EA%B8%B0%EC%82%AC/written/pastExam/practice/study?page=20&pastExamId=2048&title=2021%EB%85%84%EB%8F%84%202%ED%9A%8C%EC%B0%A8:0
[  368072ms] [INFO] [Notifly] Notifly SDK is not initialized. Requested command will be executed as soon as the SDK is initialized. @ https://www.machuda.kr/_next/static/chunks/pages/_app-4df02a410eaa6a00.js:0
[  368102ms] [INFO] [Notifly] Notifly SDK is not initialized. Requested command will be executed as soon as the SDK is initialized. @ https://www.machuda.kr/_next/static/chunks/pages/_app-4df02a410eaa6a00.js:0
[  368102ms] [INFO] [Notifly] Notifly SDK is not initialized. Requested command will be executed as soon as the SDK is initialized. @ https://www.machuda.kr/_next/static/chunks/pages/_app-4df02a410eaa6a00.js:0
[  368105ms] [WARNING] <meta name="apple-mobile-web-app-capable" content="yes"> is deprecated. Please include <meta name="mobile-web-app-capable" content="yes"> @ https://www.machuda.kr/learning/certification/%EB%B9%85%EB%8D%B0%EC%9D%B4%ED%84%B0%EB%B6%84%EC%84%9D%EA%B8%B0%EC%82%AC/written/pastExam/practice/study?page=20&pastExamId=2048&title=2021%EB%85%84%EB%8F%84%202%ED%9A%8C%EC%B0%A8:0
[  368124ms] [INFO] [Notifly] Notifly SDK is not initialized. Requested command will be executed as soon as the SDK is initialized. @ https://www.machuda.kr/_next/static/chunks/pages/_app-4df02a410eaa6a00.js:0
[  368125ms] [LOG] 🔍 [getPartnerNameByDomain] 입력: {hostname: www.machuda.kr, normalized: www.machuda.kr} @ https://www.machuda.kr/_next/static/chunks/pages/_app-4df02a410eaa6a00.js:0
[  368125ms] [LOG]   ❌ 결과: null @ https://www.machuda.kr/_next/static/chunks/pages/_app-4df02a410eaa6a00.js:0
[  368130ms] [INFO] [Notifly] Notifly SDK is not initialized. Requested command will be executed as soon as the SDK is initialized. @ https://www.machuda.kr/_next/static/chunks/pages/_app-4df02a410eaa6a00.js:0
[  374536ms] [WARNING] The key "maximum-scale-1.0" is not recognized and ignored. @ https://www.machuda.kr/learning/certification/%EB%B9%85%EB%8D%B0%EC%9D%B4%ED%84%B0%EB%B6%84%EC%84%9D%EA%B8%B0%EC%82%AC/written/pastExam/practice/study?page=21&pastExamId=2048&title=2021%EB%85%84%EB%8F%84%202%ED%9A%8C%EC%B0%A8:0
[  374589ms] [INFO] [Notifly] Notifly SDK is not initialized. Requested command will be executed as soon as the SDK is initialized. @ https://www.machuda.kr/_next/static/chunks/pages/_app-4df02a410eaa6a00.js:0
[  374613ms] [INFO] [Notifly] Notifly SDK is not initialized. Requested command will be executed as soon as the SDK is initialized. @ https://www.machuda.kr/_next/static/chunks/pages/_app-4df02a410eaa6a00.js:0
[  374613ms] [INFO] [Notifly] Notifly SDK is not initialized. Requested command will be executed as soon as the SDK is initialized. @ https://www.machuda.kr/_next/static/chunks/pages/_app-4df02a410eaa6a00.js:0
[  374618ms] [WARNING] <meta name="apple-mobile-web-app-capable" content="yes"> is deprecated. Please include <meta name="mobile-web-app-capable" content="yes"> @ https://www.machuda.kr/learning/certification/%EB%B9%85%EB%8D%B0%EC%9D%B4%ED%84%B0%EB%B6%84%EC%84%9D%EA%B8%B0%EC%82%AC/written/pastExam/practice/study?page=21&pastExamId=2048&title=2021%EB%85%84%EB%8F%84%202%ED%9A%8C%EC%B0%A8:0
[  374634ms] [INFO] [Notifly] Notifly SDK is not initialized. Requested command will be executed as soon as the SDK is initialized. @ https://www.machuda.kr/_next/static/chunks/pages/_app-4df02a410eaa6a00.js:0
[  374635ms] [LOG] 🔍 [getPartnerNameByDomain] 입력: {hostname: www.machuda.kr, normalized: www.machuda.kr} @ https://www.machuda.kr/_next/static/chunks/pages/_app-4df02a410eaa6a00.js:0
[  374635ms] [LOG]   ❌ 결과: null @ https://www.machuda.kr/_next/static/chunks/pages/_app-4df02a410eaa6a00.js:0
[  374640ms] [INFO] [Notifly] Notifly SDK is not initialized. Requested command will be executed as soon as the SDK is initialized. @ https://www.machuda.kr/_next/static/chunks/pages/_app-4df02a410eaa6a00.js:0
[  378772ms] [WARNING] The key "maximum-scale-1.0" is not recognized and ignored. @ https://www.machuda.kr/learning/certification/%EB%B9%85%EB%8D%B0%EC%9D%B4%ED%84%B0%EB%B6%84%EC%84%9D%EA%B8%B0%EC%82%AC/written/pastExam/practice/study?page=22&pastExamId=2048&title=2021%EB%85%84%EB%8F%84%202%ED%9A%8C%EC%B0%A8:0
[  378822ms] [INFO] [Notifly] Notifly SDK is not initialized. Requested command will be executed as soon as the SDK is initialized. @ https://www.machuda.kr/_next/static/chunks/pages/_app-4df02a410eaa6a00.js:0
[  378843ms] [INFO] [Notifly] Notifly SDK is not initialized. Requested command will be executed as soon as the SDK is initialized. @ https://www.machuda.kr/_next/static/chunks/pages/_app-4df02a410eaa6a00.js:0
[  378843ms] [INFO] [Notifly] Notifly SDK is not initialized. Requested command will be executed as soon as the SDK is initialized. @ https://www.machuda.kr/_next/static/chunks/pages/_app-4df02a410eaa6a00.js:0
[  378846ms] [WARNING] <meta name="apple-mobile-web-app-capable" content="yes"> is deprecated. Please include <meta name="mobile-web-app-capable" content="yes"> @ https://www.machuda.kr/learning/certification/%EB%B9%85%EB%8D%B0%EC%9D%B4%ED%84%B0%EB%B6%84%EC%84%9D%EA%B8%B0%EC%82%AC/written/pastExam/practice/study?page=22&pastExamId=2048&title=2021%EB%85%84%EB%8F%84%202%ED%9A%8C%EC%B0%A8:0
[  378856ms] [INFO] [Notifly] Notifly SDK is not initialized. Requested command will be executed as soon as the SDK is initialized. @ https://www.machuda.kr/_next/static/chunks/pages/_app-4df02a410eaa6a00.js:0
[  378857ms] [LOG] 🔍 [getPartnerNameByDomain] 입력: {hostname: www.machuda.kr, normalized: www.machuda.kr} @ https://www.machuda.kr/_next/static/chunks/pages/_app-4df02a410eaa6a00.js:0
[  378857ms] [LOG]   ❌ 결과: null @ https://www.machuda.kr/_next/static/chunks/pages/_app-4df02a410eaa6a00.js:0
[  378863ms] [INFO] [Notifly] Notifly SDK is not initialized. Requested command will be executed as soon as the SDK is initialized. @ https://www.machuda.kr/_next/static/chunks/pages/_app-4df02a410eaa6a00.js:0
[  383023ms] [WARNING] The key "maximum-scale-1.0" is not recognized and ignored. @ https://www.machuda.kr/learning/certification/%EB%B9%85%EB%8D%B0%EC%9D%B4%ED%84%B0%EB%B6%84%EC%84%9D%EA%B8%B0%EC%82%AC/written/pastExam/practice/study?page=23&pastExamId=2048&title=2021%EB%85%84%EB%8F%84%202%ED%9A%8C%EC%B0%A8:0
[  383093ms] [INFO] [Notifly] Notifly SDK is not initialized. Requested command will be executed as soon as the SDK is initialized. @ https://www.machuda.kr/_next/static/chunks/pages/_app-4df02a410eaa6a00.js:0
[  383128ms] [INFO] [Notifly] Notifly SDK is not initialized. Requested command will be executed as soon as the SDK is initialized. @ https://www.machuda.kr/_next/static/chunks/pages/_app-4df02a410eaa6a00.js:0
[  383129ms] [INFO] [Notifly] Notifly SDK is not initialized. Requested command will be executed as soon as the SDK is initialized. @ https://www.machuda.kr/_next/static/chunks/pages/_app-4df02a410eaa6a00.js:0
[  383129ms] [WARNING] <meta name="apple-mobile-web-app-capable" content="yes"> is deprecated. Please include <meta name="mobile-web-app-capable" content="yes"> @ https://www.machuda.kr/learning/certification/%EB%B9%85%EB%8D%B0%EC%9D%B4%ED%84%B0%EB%B6%84%EC%84%9D%EA%B8%B0%EC%82%AC/written/pastExam/practice/study?page=23&pastExamId=2048&title=2021%EB%85%84%EB%8F%84%202%ED%9A%8C%EC%B0%A8:0
[  383149ms] [INFO] [Notifly] Notifly SDK is not initialized. Requested command will be executed as soon as the SDK is initialized. @ https://www.machuda.kr/_next/static/chunks/pages/_app-4df02a410eaa6a00.js:0
[  383150ms] [LOG] 🔍 [getPartnerNameByDomain] 입력: {hostname: www.machuda.kr, normalized: www.machuda.kr} @ https://www.machuda.kr/_next/static/chunks/pages/_app-4df02a410eaa6a00.js:0
[  383150ms] [LOG]   ❌ 결과: null @ https://www.machuda.kr/_next/static/chunks/pages/_app-4df02a410eaa6a00.js:0
[  383156ms] [INFO] [Notifly] Notifly SDK is not initialized. Requested command will be executed as soon as the SDK is initialized. @ https://www.machuda.kr/_next/static/chunks/pages/_app-4df02a410eaa6a00.js:0
[  387270ms] [WARNING] The key "maximum-scale-1.0" is not recognized and ignored. @ https://www.machuda.kr/learning/certification/%EB%B9%85%EB%8D%B0%EC%9D%B4%ED%84%B0%EB%B6%84%EC%84%9D%EA%B8%B0%EC%82%AC/written/pastExam/practice/study?page=24&pastExamId=2048&title=2021%EB%85%84%EB%8F%84%202%ED%9A%8C%EC%B0%A8:0
[  387323ms] [INFO] [Notifly] Notifly SDK is not initialized. Requested command will be executed as soon as the SDK is initialized. @ https://www.machuda.kr/_next/static/chunks/pages/_app-4df02a410eaa6a00.js:0
[  387345ms] [INFO] [Notifly] Notifly SDK is not initialized. Requested command will be executed as soon as the SDK is initialized. @ https://www.machuda.kr/_next/static/chunks/pages/_app-4df02a410eaa6a00.js:0
[  387345ms] [INFO] [Notifly] Notifly SDK is not initialized. Requested command will be executed as soon as the SDK is initialized. @ https://www.machuda.kr/_next/static/chunks/pages/_app-4df02a410eaa6a00.js:0
[  387348ms] [WARNING] <meta name="apple-mobile-web-app-capable" content="yes"> is deprecated. Please include <meta name="mobile-web-app-capable" content="yes"> @ https://www.machuda.kr/learning/certification/%EB%B9%85%EB%8D%B0%EC%9D%B4%ED%84%B0%EB%B6%84%EC%84%9D%EA%B8%B0%EC%82%AC/written/pastExam/practice/study?page=24&pastExamId=2048&title=2021%EB%85%84%EB%8F%84%202%ED%9A%8C%EC%B0%A8:0
[  387365ms] [INFO] [Notifly] Notifly SDK is not initialized. Requested command will be executed as soon as the SDK is initialized. @ https://www.machuda.kr/_next/static/chunks/pages/_app-4df02a410eaa6a00.js:0
[  387366ms] [LOG] 🔍 [getPartnerNameByDomain] 입력: {hostname: www.machuda.kr, normalized: www.machuda.kr} @ https://www.machuda.kr/_next/static/chunks/pages/_app-4df02a410eaa6a00.js:0
[  387366ms] [LOG]   ❌ 결과: null @ https://www.machuda.kr/_next/static/chunks/pages/_app-4df02a410eaa6a00.js:0
[  387374ms] [INFO] [Notifly] Notifly SDK is not initialized. Requested command will be executed as soon as the SDK is initialized. @ https://www.machuda.kr/_next/static/chunks/pages/_app-4df02a410eaa6a00.js:0
[  393782ms] [WARNING] The key "maximum-scale-1.0" is not recognized and ignored. @ https://www.machuda.kr/learning/certification/%EB%B9%85%EB%8D%B0%EC%9D%B4%ED%84%B0%EB%B6%84%EC%84%9D%EA%B8%B0%EC%82%AC/written/pastExam/practice/study?page=25&pastExamId=2048&title=2021%EB%85%84%EB%8F%84%202%ED%9A%8C%EC%B0%A8:0
[  393846ms] [INFO] [Notifly] Notifly SDK is not initialized. Requested command will be executed as soon as the SDK is initialized. @ https://www.machuda.kr/_next/static/chunks/pages/_app-4df02a410eaa6a00.js:0
[  393879ms] [INFO] [Notifly] Notifly SDK is not initialized. Requested command will be executed as soon as the SDK is initialized. @ https://www.machuda.kr/_next/static/chunks/pages/_app-4df02a410eaa6a00.js:0
[  393879ms] [INFO] [Notifly] Notifly SDK is not initialized. Requested command will be executed as soon as the SDK is initialized. @ https://www.machuda.kr/_next/static/chunks/pages/_app-4df02a410eaa6a00.js:0
[  393881ms] [WARNING] <meta name="apple-mobile-web-app-capable" content="yes"> is deprecated. Please include <meta name="mobile-web-app-capable" content="yes"> @ https://www.machuda.kr/learning/certification/%EB%B9%85%EB%8D%B0%EC%9D%B4%ED%84%B0%EB%B6%84%EC%84%9D%EA%B8%B0%EC%82%AC/written/pastExam/practice/study?page=25&pastExamId=2048&title=2021%EB%85%84%EB%8F%84%202%ED%9A%8C%EC%B0%A8:0
[  393897ms] [INFO] [Notifly] Notifly SDK is not initialized. Requested command will be executed as soon as the SDK is initialized. @ https://www.machuda.kr/_next/static/chunks/pages/_app-4df02a410eaa6a00.js:0
[  393898ms] [LOG] 🔍 [getPartnerNameByDomain] 입력: {hostname: www.machuda.kr, normalized: www.machuda.kr} @ https://www.machuda.kr/_next/static/chunks/pages/_app-4df02a410eaa6a00.js:0
[  393898ms] [LOG]   ❌ 결과: null @ https://www.machuda.kr/_next/static/chunks/pages/_app-4df02a410eaa6a00.js:0
[  393903ms] [INFO] [Notifly] Notifly SDK is not initialized. Requested command will be executed as soon as the SDK is initialized. @ https://www.machuda.kr/_next/static/chunks/pages/_app-4df02a410eaa6a00.js:0
[  398023ms] [WARNING] The key "maximum-scale-1.0" is not recognized and ignored. @ https://www.machuda.kr/learning/certification/%EB%B9%85%EB%8D%B0%EC%9D%B4%ED%84%B0%EB%B6%84%EC%84%9D%EA%B8%B0%EC%82%AC/written/pastExam/practice/study?page=26&pastExamId=2048&title=2021%EB%85%84%EB%8F%84%202%ED%9A%8C%EC%B0%A8:0
[  398078ms] [INFO] [Notifly] Notifly SDK is not initialized. Requested command will be executed as soon as the SDK is initialized. @ https://www.machuda.kr/_next/static/chunks/pages/_app-4df02a410eaa6a00.js:0
[  398110ms] [INFO] [Notifly] Notifly SDK is not initialized. Requested command will be executed as soon as the SDK is initialized. @ https://www.machuda.kr/_next/static/chunks/pages/_app-4df02a410eaa6a00.js:0
[  398110ms] [INFO] [Notifly] Notifly SDK is not initialized. Requested command will be executed as soon as the SDK is initialized. @ https://www.machuda.kr/_next/static/chunks/pages/_app-4df02a410eaa6a00.js:0
[  398111ms] [WARNING] <meta name="apple-mobile-web-app-capable" content="yes"> is deprecated. Please include <meta name="mobile-web-app-capable" content="yes"> @ https://www.machuda.kr/learning/certification/%EB%B9%85%EB%8D%B0%EC%9D%B4%ED%84%B0%EB%B6%84%EC%84%9D%EA%B8%B0%EC%82%AC/written/pastExam/practice/study?page=26&pastExamId=2048&title=2021%EB%85%84%EB%8F%84%202%ED%9A%8C%EC%B0%A8:0
[  398130ms] [INFO] [Notifly] Notifly SDK is not initialized. Requested command will be executed as soon as the SDK is initialized. @ https://www.machuda.kr/_next/static/chunks/pages/_app-4df02a410eaa6a00.js:0
[  398131ms] [LOG] 🔍 [getPartnerNameByDomain] 입력: {hostname: www.machuda.kr, normalized: www.machuda.kr} @ https://www.machuda.kr/_next/static/chunks/pages/_app-4df02a410eaa6a00.js:0
[  398131ms] [LOG]   ❌ 결과: null @ https://www.machuda.kr/_next/static/chunks/pages/_app-4df02a410eaa6a00.js:0
[  398136ms] [INFO] [Notifly] Notifly SDK is not initialized. Requested command will be executed as soon as the SDK is initialized. @ https://www.machuda.kr/_next/static/chunks/pages/_app-4df02a410eaa6a00.js:0
[  402296ms] [WARNING] The key "maximum-scale-1.0" is not recognized and ignored. @ https://www.machuda.kr/learning/certification/%EB%B9%85%EB%8D%B0%EC%9D%B4%ED%84%B0%EB%B6%84%EC%84%9D%EA%B8%B0%EC%82%AC/written/pastExam/practice/study?page=27&pastExamId=2048&title=2021%EB%85%84%EB%8F%84%202%ED%9A%8C%EC%B0%A8:0
[  402349ms] [INFO] [Notifly] Notifly SDK is not initialized. Requested command will be executed as soon as the SDK is initialized. @ https://www.machuda.kr/_next/static/chunks/pages/_app-4df02a410eaa6a00.js:0
[  402374ms] [INFO] [Notifly] Notifly SDK is not initialized. Requested command will be executed as soon as the SDK is initialized. @ https://www.machuda.kr/_next/static/chunks/pages/_app-4df02a410eaa6a00.js:0
[  402374ms] [INFO] [Notifly] Notifly SDK is not initialized. Requested command will be executed as soon as the SDK is initialized. @ https://www.machuda.kr/_next/static/chunks/pages/_app-4df02a410eaa6a00.js:0
[  402378ms] [WARNING] <meta name="apple-mobile-web-app-capable" content="yes"> is deprecated. Please include <meta name="mobile-web-app-capable" content="yes"> @ https://www.machuda.kr/learning/certification/%EB%B9%85%EB%8D%B0%EC%9D%B4%ED%84%B0%EB%B6%84%EC%84%9D%EA%B8%B0%EC%82%AC/written/pastExam/practice/study?page=27&pastExamId=2048&title=2021%EB%85%84%EB%8F%84%202%ED%9A%8C%EC%B0%A8:0
[  402400ms] [INFO] [Notifly] Notifly SDK is not initialized. Requested command will be executed as soon as the SDK is initialized. @ https://www.machuda.kr/_next/static/chunks/pages/_app-4df02a410eaa6a00.js:0
[  402401ms] [LOG] 🔍 [getPartnerNameByDomain] 입력: {hostname: www.machuda.kr, normalized: www.machuda.kr} @ https://www.machuda.kr/_next/static/chunks/pages/_app-4df02a410eaa6a00.js:0
[  402401ms] [LOG]   ❌ 결과: null @ https://www.machuda.kr/_next/static/chunks/pages/_app-4df02a410eaa6a00.js:0
[  402409ms] [INFO] [Notifly] Notifly SDK is not initialized. Requested command will be executed as soon as the SDK is initialized. @ https://www.machuda.kr/_next/static/chunks/pages/_app-4df02a410eaa6a00.js:0
[  406516ms] [WARNING] The key "maximum-scale-1.0" is not recognized and ignored. @ https://www.machuda.kr/learning/certification/%EB%B9%85%EB%8D%B0%EC%9D%B4%ED%84%B0%EB%B6%84%EC%84%9D%EA%B8%B0%EC%82%AC/written/pastExam/practice/study?page=28&pastExamId=2048&title=2021%EB%85%84%EB%8F%84%202%ED%9A%8C%EC%B0%A8:0
[  406566ms] [INFO] [Notifly] Notifly SDK is not initialized. Requested command will be executed as soon as the SDK is initialized. @ https://www.machuda.kr/_next/static/chunks/pages/_app-4df02a410eaa6a00.js:0
[  406593ms] [INFO] [Notifly] Notifly SDK is not initialized. Requested command will be executed as soon as the SDK is initialized. @ https://www.machuda.kr/_next/static/chunks/pages/_app-4df02a410eaa6a00.js:0
[  406593ms] [INFO] [Notifly] Notifly SDK is not initialized. Requested command will be executed as soon as the SDK is initialized. @ https://www.machuda.kr/_next/static/chunks/pages/_app-4df02a410eaa6a00.js:0
[  406596ms] [WARNING] <meta name="apple-mobile-web-app-capable" content="yes"> is deprecated. Please include <meta name="mobile-web-app-capable" content="yes"> @ https://www.machuda.kr/learning/certification/%EB%B9%85%EB%8D%B0%EC%9D%B4%ED%84%B0%EB%B6%84%EC%84%9D%EA%B8%B0%EC%82%AC/written/pastExam/practice/study?page=28&pastExamId=2048&title=2021%EB%85%84%EB%8F%84%202%ED%9A%8C%EC%B0%A8:0
[  406616ms] [INFO] [Notifly] Notifly SDK is not initialized. Requested command will be executed as soon as the SDK is initialized. @ https://www.machuda.kr/_next/static/chunks/pages/_app-4df02a410eaa6a00.js:0
[  406617ms] [LOG] 🔍 [getPartnerNameByDomain] 입력: {hostname: www.machuda.kr, normalized: www.machuda.kr} @ https://www.machuda.kr/_next/static/chunks/pages/_app-4df02a410eaa6a00.js:0
[  406617ms] [LOG]   ❌ 결과: null @ https://www.machuda.kr/_next/static/chunks/pages/_app-4df02a410eaa6a00.js:0
[  406623ms] [INFO] [Notifly] Notifly SDK is not initialized. Requested command will be executed as soon as the SDK is initialized. @ https://www.machuda.kr/_next/static/chunks/pages/_app-4df02a410eaa6a00.js:0
[  413050ms] [WARNING] The key "maximum-scale-1.0" is not recognized and ignored. @ https://www.machuda.kr/learning/certification/%EB%B9%85%EB%8D%B0%EC%9D%B4%ED%84%B0%EB%B6%84%EC%84%9D%EA%B8%B0%EC%82%AC/written/pastExam/practice/study?page=29&pastExamId=2048&title=2021%EB%85%84%EB%8F%84%202%ED%9A%8C%EC%B0%A8:0
[  413106ms] [INFO] [Notifly] Notifly SDK is not initialized. Requested command will be executed as soon as the SDK is initialized. @ https://www.machuda.kr/_next/static/chunks/pages/_app-4df02a410eaa6a00.js:0
[  413128ms] [INFO] [Notifly] Notifly SDK is not initialized. Requested command will be executed as soon as the SDK is initialized. @ https://www.machuda.kr/_next/static/chunks/pages/_app-4df02a410eaa6a00.js:0
[  413128ms] [INFO] [Notifly] Notifly SDK is not initialized. Requested command will be executed as soon as the SDK is initialized. @ https://www.machuda.kr/_next/static/chunks/pages/_app-4df02a410eaa6a00.js:0
[  413131ms] [WARNING] <meta name="apple-mobile-web-app-capable" content="yes"> is deprecated. Please include <meta name="mobile-web-app-capable" content="yes"> @ https://www.machuda.kr/learning/certification/%EB%B9%85%EB%8D%B0%EC%9D%B4%ED%84%B0%EB%B6%84%EC%84%9D%EA%B8%B0%EC%82%AC/written/pastExam/practice/study?page=29&pastExamId=2048&title=2021%EB%85%84%EB%8F%84%202%ED%9A%8C%EC%B0%A8:0
[  413146ms] [INFO] [Notifly] Notifly SDK is not initialized. Requested command will be executed as soon as the SDK is initialized. @ https://www.machuda.kr/_next/static/chunks/pages/_app-4df02a410eaa6a00.js:0
[  413147ms] [LOG] 🔍 [getPartnerNameByDomain] 입력: {hostname: www.machuda.kr, normalized: www.machuda.kr} @ https://www.machuda.kr/_next/static/chunks/pages/_app-4df02a410eaa6a00.js:0
[  413147ms] [LOG]   ❌ 결과: null @ https://www.machuda.kr/_next/static/chunks/pages/_app-4df02a410eaa6a00.js:0
[  413152ms] [INFO] [Notifly] Notifly SDK is not initialized. Requested command will be executed as soon as the SDK is initialized. @ https://www.machuda.kr/_next/static/chunks/pages/_app-4df02a410eaa6a00.js:0
[  417275ms] [WARNING] The key "maximum-scale-1.0" is not recognized and ignored. @ https://www.machuda.kr/learning/certification/%EB%B9%85%EB%8D%B0%EC%9D%B4%ED%84%B0%EB%B6%84%EC%84%9D%EA%B8%B0%EC%82%AC/written/pastExam/practice/study?page=30&pastExamId=2048&title=2021%EB%85%84%EB%8F%84%202%ED%9A%8C%EC%B0%A8:0
[  417329ms] [INFO] [Notifly] Notifly SDK is not initialized. Requested command will be executed as soon as the SDK is initialized. @ https://www.machuda.kr/_next/static/chunks/pages/_app-4df02a410eaa6a00.js:0
[  417351ms] [INFO] [Notifly] Notifly SDK is not initialized. Requested command will be executed as soon as the SDK is initialized. @ https://www.machuda.kr/_next/static/chunks/pages/_app-4df02a410eaa6a00.js:0
[  417351ms] [INFO] [Notifly] Notifly SDK is not initialized. Requested command will be executed as soon as the SDK is initialized. @ https://www.machuda.kr/_next/static/chunks/pages/_app-4df02a410eaa6a00.js:0
[  417358ms] [WARNING] <meta name="apple-mobile-web-app-capable" content="yes"> is deprecated. Please include <meta name="mobile-web-app-capable" content="yes"> @ https://www.machuda.kr/learning/certification/%EB%B9%85%EB%8D%B0%EC%9D%B4%ED%84%B0%EB%B6%84%EC%84%9D%EA%B8%B0%EC%82%AC/written/pastExam/practice/study?page=30&pastExamId=2048&title=2021%EB%85%84%EB%8F%84%202%ED%9A%8C%EC%B0%A8:0
[  417376ms] [INFO] [Notifly] Notifly SDK is not initialized. Requested command will be executed as soon as the SDK is initialized. @ https://www.machuda.kr/_next/static/chunks/pages/_app-4df02a410eaa6a00.js:0
[  417377ms] [LOG] 🔍 [getPartnerNameByDomain] 입력: {hostname: www.machuda.kr, normalized: www.machuda.kr} @ https://www.machuda.kr/_next/static/chunks/pages/_app-4df02a410eaa6a00.js:0
[  417377ms] [LOG]   ❌ 결과: null @ https://www.machuda.kr/_next/static/chunks/pages/_app-4df02a410eaa6a00.js:0
[  417381ms] [INFO] [Notifly] Notifly SDK is not initialized. Requested command will be executed as soon as the SDK is initialized. @ https://www.machuda.kr/_next/static/chunks/pages/_app-4df02a410eaa6a00.js:0
[  421538ms] [WARNING] The key "maximum-scale-1.0" is not recognized and ignored. @ https://www.machuda.kr/learning/certification/%EB%B9%85%EB%8D%B0%EC%9D%B4%ED%84%B0%EB%B6%84%EC%84%9D%EA%B8%B0%EC%82%AC/written/pastExam/practice/study?page=31&pastExamId=2048&title=2021%EB%85%84%EB%8F%84%202%ED%9A%8C%EC%B0%A8:0
[  421590ms] [INFO] [Notifly] Notifly SDK is not initialized. Requested command will be executed as soon as the SDK is initialized. @ https://www.machuda.kr/_next/static/chunks/pages/_app-4df02a410eaa6a00.js:0
[  421613ms] [INFO] [Notifly] Notifly SDK is not initialized. Requested command will be executed as soon as the SDK is initialized. @ https://www.machuda.kr/_next/static/chunks/pages/_app-4df02a410eaa6a00.js:0
[  421613ms] [INFO] [Notifly] Notifly SDK is not initialized. Requested command will be executed as soon as the SDK is initialized. @ https://www.machuda.kr/_next/static/chunks/pages/_app-4df02a410eaa6a00.js:0
[  421616ms] [WARNING] <meta name="apple-mobile-web-app-capable" content="yes"> is deprecated. Please include <meta name="mobile-web-app-capable" content="yes"> @ https://www.machuda.kr/learning/certification/%EB%B9%85%EB%8D%B0%EC%9D%B4%ED%84%B0%EB%B6%84%EC%84%9D%EA%B8%B0%EC%82%AC/written/pastExam/practice/study?page=31&pastExamId=2048&title=2021%EB%85%84%EB%8F%84%202%ED%9A%8C%EC%B0%A8:0
[  421629ms] [INFO] [Notifly] Notifly SDK is not initialized. Requested command will be executed as soon as the SDK is initialized. @ https://www.machuda.kr/_next/static/chunks/pages/_app-4df02a410eaa6a00.js:0
[  421630ms] [LOG] 🔍 [getPartnerNameByDomain] 입력: {hostname: www.machuda.kr, normalized: www.machuda.kr} @ https://www.machuda.kr/_next/static/chunks/pages/_app-4df02a410eaa6a00.js:0
[  421630ms] [LOG]   ❌ 결과: null @ https://www.machuda.kr/_next/static/chunks/pages/_app-4df02a410eaa6a00.js:0
[  421642ms] [INFO] [Notifly] Notifly SDK is not initialized. Requested command will be executed as soon as the SDK is initialized. @ https://www.machuda.kr/_next/static/chunks/pages/_app-4df02a410eaa6a00.js:0
[  425780ms] [WARNING] The key "maximum-scale-1.0" is not recognized and ignored. @ https://www.machuda.kr/learning/certification/%EB%B9%85%EB%8D%B0%EC%9D%B4%ED%84%B0%EB%B6%84%EC%84%9D%EA%B8%B0%EC%82%AC/written/pastExam/practice/study?page=32&pastExamId=2048&title=2021%EB%85%84%EB%8F%84%202%ED%9A%8C%EC%B0%A8:0
[  425842ms] [INFO] [Notifly] Notifly SDK is not initialized. Requested command will be executed as soon as the SDK is initialized. @ https://www.machuda.kr/_next/static/chunks/pages/_app-4df02a410eaa6a00.js:0
[  425868ms] [INFO] [Notifly] Notifly SDK is not initialized. Requested command will be executed as soon as the SDK is initialized. @ https://www.machuda.kr/_next/static/chunks/pages/_app-4df02a410eaa6a00.js:0
[  425868ms] [INFO] [Notifly] Notifly SDK is not initialized. Requested command will be executed as soon as the SDK is initialized. @ https://www.machuda.kr/_next/static/chunks/pages/_app-4df02a410eaa6a00.js:0
[  425874ms] [WARNING] <meta name="apple-mobile-web-app-capable" content="yes"> is deprecated. Please include <meta name="mobile-web-app-capable" content="yes"> @ https://www.machuda.kr/learning/certification/%EB%B9%85%EB%8D%B0%EC%9D%B4%ED%84%B0%EB%B6%84%EC%84%9D%EA%B8%B0%EC%82%AC/written/pastExam/practice/study?page=32&pastExamId=2048&title=2021%EB%85%84%EB%8F%84%202%ED%9A%8C%EC%B0%A8:0
[  425896ms] [INFO] [Notifly] Notifly SDK is not initialized. Requested command will be executed as soon as the SDK is initialized. @ https://www.machuda.kr/_next/static/chunks/pages/_app-4df02a410eaa6a00.js:0
[  425897ms] [LOG] 🔍 [getPartnerNameByDomain] 입력: {hostname: www.machuda.kr, normalized: www.machuda.kr} @ https://www.machuda.kr/_next/static/chunks/pages/_app-4df02a410eaa6a00.js:0
[  425897ms] [LOG]   ❌ 결과: null @ https://www.machuda.kr/_next/static/chunks/pages/_app-4df02a410eaa6a00.js:0
[  425906ms] [INFO] [Notifly] Notifly SDK is not initialized. Requested command will be executed as soon as the SDK is initialized. @ https://www.machuda.kr/_next/static/chunks/pages/_app-4df02a410eaa6a00.js:0
[  432329ms] [WARNING] The key "maximum-scale-1.0" is not recognized and ignored. @ https://www.machuda.kr/learning/certification/%EB%B9%85%EB%8D%B0%EC%9D%B4%ED%84%B0%EB%B6%84%EC%84%9D%EA%B8%B0%EC%82%AC/written/pastExam/practice/study?page=33&pastExamId=2048&title=2021%EB%85%84%EB%8F%84%202%ED%9A%8C%EC%B0%A8:0
[  432387ms] [INFO] [Notifly] Notifly SDK is not initialized. Requested command will be executed as soon as the SDK is initialized. @ https://www.machuda.kr/_next/static/chunks/pages/_app-4df02a410eaa6a00.js:0
[  432410ms] [INFO] [Notifly] Notifly SDK is not initialized. Requested command will be executed as soon as the SDK is initialized. @ https://www.machuda.kr/_next/static/chunks/pages/_app-4df02a410eaa6a00.js:0
[  432410ms] [INFO] [Notifly] Notifly SDK is not initialized. Requested command will be executed as soon as the SDK is initialized. @ https://www.machuda.kr/_next/static/chunks/pages/_app-4df02a410eaa6a00.js:0
[  432416ms] [WARNING] <meta name="apple-mobile-web-app-capable" content="yes"> is deprecated. Please include <meta name="mobile-web-app-capable" content="yes"> @ https://www.machuda.kr/learning/certification/%EB%B9%85%EB%8D%B0%EC%9D%B4%ED%84%B0%EB%B6%84%EC%84%9D%EA%B8%B0%EC%82%AC/written/pastExam/practice/study?page=33&pastExamId=2048&title=2021%EB%85%84%EB%8F%84%202%ED%9A%8C%EC%B0%A8:0
[  432429ms] [INFO] [Notifly] Notifly SDK is not initialized. Requested command will be executed as soon as the SDK is initialized. @ https://www.machuda.kr/_next/static/chunks/pages/_app-4df02a410eaa6a00.js:0
[  432430ms] [LOG] 🔍 [getPartnerNameByDomain] 입력: {hostname: www.machuda.kr, normalized: www.machuda.kr} @ https://www.machuda.kr/_next/static/chunks/pages/_app-4df02a410eaa6a00.js:0
[  432430ms] [LOG]   ❌ 결과: null @ https://www.machuda.kr/_next/static/chunks/pages/_app-4df02a410eaa6a00.js:0
[  432436ms] [INFO] [Notifly] Notifly SDK is not initialized. Requested command will be executed as soon as the SDK is initialized. @ https://www.machuda.kr/_next/static/chunks/pages/_app-4df02a410eaa6a00.js:0
[  436567ms] [WARNING] The key "maximum-scale-1.0" is not recognized and ignored. @ https://www.machuda.kr/learning/certification/%EB%B9%85%EB%8D%B0%EC%9D%B4%ED%84%B0%EB%B6%84%EC%84%9D%EA%B8%B0%EC%82%AC/written/pastExam/practice/study?page=34&pastExamId=2048&title=2021%EB%85%84%EB%8F%84%202%ED%9A%8C%EC%B0%A8:0
[  436619ms] [INFO] [Notifly] Notifly SDK is not initialized. Requested command will be executed as soon as the SDK is initialized. @ https://www.machuda.kr/_next/static/chunks/pages/_app-4df02a410eaa6a00.js:0
[  436644ms] [INFO] [Notifly] Notifly SDK is not initialized. Requested command will be executed as soon as the SDK is initialized. @ https://www.machuda.kr/_next/static/chunks/pages/_app-4df02a410eaa6a00.js:0
[  436644ms] [INFO] [Notifly] Notifly SDK is not initialized. Requested command will be executed as soon as the SDK is initialized. @ https://www.machuda.kr/_next/static/chunks/pages/_app-4df02a410eaa6a00.js:0
[  436647ms] [WARNING] <meta name="apple-mobile-web-app-capable" content="yes"> is deprecated. Please include <meta name="mobile-web-app-capable" content="yes"> @ https://www.machuda.kr/learning/certification/%EB%B9%85%EB%8D%B0%EC%9D%B4%ED%84%B0%EB%B6%84%EC%84%9D%EA%B8%B0%EC%82%AC/written/pastExam/practice/study?page=34&pastExamId=2048&title=2021%EB%85%84%EB%8F%84%202%ED%9A%8C%EC%B0%A8:0
[  436662ms] [INFO] [Notifly] Notifly SDK is not initialized. Requested command will be executed as soon as the SDK is initialized. @ https://www.machuda.kr/_next/static/chunks/pages/_app-4df02a410eaa6a00.js:0
[  436663ms] [LOG] 🔍 [getPartnerNameByDomain] 입력: {hostname: www.machuda.kr, normalized: www.machuda.kr} @ https://www.machuda.kr/_next/static/chunks/pages/_app-4df02a410eaa6a00.js:0
[  436663ms] [LOG]   ❌ 결과: null @ https://www.machuda.kr/_next/static/chunks/pages/_app-4df02a410eaa6a00.js:0
[  436672ms] [INFO] [Notifly] Notifly SDK is not initialized. Requested command will be executed as soon as the SDK is initialized. @ https://www.machuda.kr/_next/static/chunks/pages/_app-4df02a410eaa6a00.js:0
[  440978ms] [WARNING] The key "maximum-scale-1.0" is not recognized and ignored. @ https://www.machuda.kr/learning/certification/%EB%B9%85%EB%8D%B0%EC%9D%B4%ED%84%B0%EB%B6%84%EC%84%9D%EA%B8%B0%EC%82%AC/written/pastExam/practice/study?page=35&pastExamId=2048&title=2021%EB%85%84%EB%8F%84%202%ED%9A%8C%EC%B0%A8:0
[  441041ms] [INFO] [Notifly] Notifly SDK is not initialized. Requested command will be executed as soon as the SDK is initialized. @ https://www.machuda.kr/_next/static/chunks/pages/_app-4df02a410eaa6a00.js:0
[  441075ms] [INFO] [Notifly] Notifly SDK is not initialized. Requested command will be executed as soon as the SDK is initialized. @ https://www.machuda.kr/_next/static/chunks/pages/_app-4df02a410eaa6a00.js:0
[  441075ms] [INFO] [Notifly] Notifly SDK is not initialized. Requested command will be executed as soon as the SDK is initialized. @ https://www.machuda.kr/_next/static/chunks/pages/_app-4df02a410eaa6a00.js:0
[  441081ms] [WARNING] <meta name="apple-mobile-web-app-capable" content="yes"> is deprecated. Please include <meta name="mobile-web-app-capable" content="yes"> @ https://www.machuda.kr/learning/certification/%EB%B9%85%EB%8D%B0%EC%9D%B4%ED%84%B0%EB%B6%84%EC%84%9D%EA%B8%B0%EC%82%AC/written/pastExam/practice/study?page=35&pastExamId=2048&title=2021%EB%85%84%EB%8F%84%202%ED%9A%8C%EC%B0%A8:0
[  441094ms] [INFO] [Notifly] Notifly SDK is not initialized. Requested command will be executed as soon as the SDK is initialized. @ https://www.machuda.kr/_next/static/chunks/pages/_app-4df02a410eaa6a00.js:0
[  441095ms] [LOG] 🔍 [getPartnerNameByDomain] 입력: {hostname: www.machuda.kr, normalized: www.machuda.kr} @ https://www.machuda.kr/_next/static/chunks/pages/_app-4df02a410eaa6a00.js:0
[  441095ms] [LOG]   ❌ 결과: null @ https://www.machuda.kr/_next/static/chunks/pages/_app-4df02a410eaa6a00.js:0
[  441102ms] [INFO] [Notifly] Notifly SDK is not initialized. Requested command will be executed as soon as the SDK is initialized. @ https://www.machuda.kr/_next/static/chunks/pages/_app-4df02a410eaa6a00.js:0
[  447579ms] [WARNING] The key "maximum-scale-1.0" is not recognized and ignored. @ https://www.machuda.kr/learning/certification/%EB%B9%85%EB%8D%B0%EC%9D%B4%ED%84%B0%EB%B6%84%EC%84%9D%EA%B8%B0%EC%82%AC/written/pastExam/practice/study?page=36&pastExamId=2048&title=2021%EB%85%84%EB%8F%84%202%ED%9A%8C%EC%B0%A8:0
[  447641ms] [INFO] [Notifly] Notifly SDK is not initialized. Requested command will be executed as soon as the SDK is initialized. @ https://www.machuda.kr/_next/static/chunks/pages/_app-4df02a410eaa6a00.js:0
[  447662ms] [INFO] [Notifly] Notifly SDK is not initialized. Requested command will be executed as soon as the SDK is initialized. @ https://www.machuda.kr/_next/static/chunks/pages/_app-4df02a410eaa6a00.js:0
[  447663ms] [INFO] [Notifly] Notifly SDK is not initialized. Requested command will be executed as soon as the SDK is initialized. @ https://www.machuda.kr/_next/static/chunks/pages/_app-4df02a410eaa6a00.js:0
[  447667ms] [WARNING] <meta name="apple-mobile-web-app-capable" content="yes"> is deprecated. Please include <meta name="mobile-web-app-capable" content="yes"> @ https://www.machuda.kr/learning/certification/%EB%B9%85%EB%8D%B0%EC%9D%B4%ED%84%B0%EB%B6%84%EC%84%9D%EA%B8%B0%EC%82%AC/written/pastExam/practice/study?page=36&pastExamId=2048&title=2021%EB%85%84%EB%8F%84%202%ED%9A%8C%EC%B0%A8:0
[  447682ms] [INFO] [Notifly] Notifly SDK is not initialized. Requested command will be executed as soon as the SDK is initialized. @ https://www.machuda.kr/_next/static/chunks/pages/_app-4df02a410eaa6a00.js:0
[  447683ms] [LOG] 🔍 [getPartnerNameByDomain] 입력: {hostname: www.machuda.kr, normalized: www.machuda.kr} @ https://www.machuda.kr/_next/static/chunks/pages/_app-4df02a410eaa6a00.js:0
[  447683ms] [LOG]   ❌ 결과: null @ https://www.machuda.kr/_next/static/chunks/pages/_app-4df02a410eaa6a00.js:0
[  447691ms] [INFO] [Notifly] Notifly SDK is not initialized. Requested command will be executed as soon as the SDK is initialized. @ https://www.machuda.kr/_next/static/chunks/pages/_app-4df02a410eaa6a00.js:0
[  451825ms] [WARNING] The key "maximum-scale-1.0" is not recognized and ignored. @ https://www.machuda.kr/learning/certification/%EB%B9%85%EB%8D%B0%EC%9D%B4%ED%84%B0%EB%B6%84%EC%84%9D%EA%B8%B0%EC%82%AC/written/pastExam/practice/study?page=37&pastExamId=2048&title=2021%EB%85%84%EB%8F%84%202%ED%9A%8C%EC%B0%A8:0
[  451881ms] [INFO] [Notifly] Notifly SDK is not initialized. Requested command will be executed as soon as the SDK is initialized. @ https://www.machuda.kr/_next/static/chunks/pages/_app-4df02a410eaa6a00.js:0
[  451911ms] [INFO] [Notifly] Notifly SDK is not initialized. Requested command will be executed as soon as the SDK is initialized. @ https://www.machuda.kr/_next/static/chunks/pages/_app-4df02a410eaa6a00.js:0
[  451911ms] [INFO] [Notifly] Notifly SDK is not initialized. Requested command will be executed as soon as the SDK is initialized. @ https://www.machuda.kr/_next/static/chunks/pages/_app-4df02a410eaa6a00.js:0
[  451914ms] [WARNING] <meta name="apple-mobile-web-app-capable" content="yes"> is deprecated. Please include <meta name="mobile-web-app-capable" content="yes"> @ https://www.machuda.kr/learning/certification/%EB%B9%85%EB%8D%B0%EC%9D%B4%ED%84%B0%EB%B6%84%EC%84%9D%EA%B8%B0%EC%82%AC/written/pastExam/practice/study?page=37&pastExamId=2048&title=2021%EB%85%84%EB%8F%84%202%ED%9A%8C%EC%B0%A8:0
[  451932ms] [INFO] [Notifly] Notifly SDK is not initialized. Requested command will be executed as soon as the SDK is initialized. @ https://www.machuda.kr/_next/static/chunks/pages/_app-4df02a410eaa6a00.js:0
[  451933ms] [LOG] 🔍 [getPartnerNameByDomain] 입력: {hostname: www.machuda.kr, normalized: www.machuda.kr} @ https://www.machuda.kr/_next/static/chunks/pages/_app-4df02a410eaa6a00.js:0
[  451933ms] [LOG]   ❌ 결과: null @ https://www.machuda.kr/_next/static/chunks/pages/_app-4df02a410eaa6a00.js:0
[  451940ms] [INFO] [Notifly] Notifly SDK is not initialized. Requested command will be executed as soon as the SDK is initialized. @ https://www.machuda.kr/_next/static/chunks/pages/_app-4df02a410eaa6a00.js:0
[  456054ms] [WARNING] The key "maximum-scale-1.0" is not recognized and ignored. @ https://www.machuda.kr/learning/certification/%EB%B9%85%EB%8D%B0%EC%9D%B4%ED%84%B0%EB%B6%84%EC%84%9D%EA%B8%B0%EC%82%AC/written/pastExam/practice/study?page=38&pastExamId=2048&title=2021%EB%85%84%EB%8F%84%202%ED%9A%8C%EC%B0%A8:0
[  456106ms] [INFO] [Notifly] Notifly SDK is not initialized. Requested command will be executed as soon as the SDK is initialized. @ https://www.machuda.kr/_next/static/chunks/pages/_app-4df02a410eaa6a00.js:0
[  456132ms] [INFO] [Notifly] Notifly SDK is not initialized. Requested command will be executed as soon as the SDK is initialized. @ https://www.machuda.kr/_next/static/chunks/pages/_app-4df02a410eaa6a00.js:0
[  456132ms] [INFO] [Notifly] Notifly SDK is not initialized. Requested command will be executed as soon as the SDK is initialized. @ https://www.machuda.kr/_next/static/chunks/pages/_app-4df02a410eaa6a00.js:0
[  456138ms] [WARNING] <meta name="apple-mobile-web-app-capable" content="yes"> is deprecated. Please include <meta name="mobile-web-app-capable" content="yes"> @ https://www.machuda.kr/learning/certification/%EB%B9%85%EB%8D%B0%EC%9D%B4%ED%84%B0%EB%B6%84%EC%84%9D%EA%B8%B0%EC%82%AC/written/pastExam/practice/study?page=38&pastExamId=2048&title=2021%EB%85%84%EB%8F%84%202%ED%9A%8C%EC%B0%A8:0
[  456148ms] [INFO] [Notifly] Notifly SDK is not initialized. Requested command will be executed as soon as the SDK is initialized. @ https://www.machuda.kr/_next/static/chunks/pages/_app-4df02a410eaa6a00.js:0
[  456149ms] [LOG] 🔍 [getPartnerNameByDomain] 입력: {hostname: www.machuda.kr, normalized: www.machuda.kr} @ https://www.machuda.kr/_next/static/chunks/pages/_app-4df02a410eaa6a00.js:0
[  456149ms] [LOG]   ❌ 결과: null @ https://www.machuda.kr/_next/static/chunks/pages/_app-4df02a410eaa6a00.js:0
[  456157ms] [INFO] [Notifly] Notifly SDK is not initialized. Requested command will be executed as soon as the SDK is initialized. @ https://www.machuda.kr/_next/static/chunks/pages/_app-4df02a410eaa6a00.js:0
[  460279ms] [WARNING] The key "maximum-scale-1.0" is not recognized and ignored. @ https://www.machuda.kr/learning/certification/%EB%B9%85%EB%8D%B0%EC%9D%B4%ED%84%B0%EB%B6%84%EC%84%9D%EA%B8%B0%EC%82%AC/written/pastExam/practice/study?page=39&pastExamId=2048&title=2021%EB%85%84%EB%8F%84%202%ED%9A%8C%EC%B0%A8:0
[  460331ms] [INFO] [Notifly] Notifly SDK is not initialized. Requested command will be executed as soon as the SDK is initialized. @ https://www.machuda.kr/_next/static/chunks/pages/_app-4df02a410eaa6a00.js:0
[  460355ms] [INFO] [Notifly] Notifly SDK is not initialized. Requested command will be executed as soon as the SDK is initialized. @ https://www.machuda.kr/_next/static/chunks/pages/_app-4df02a410eaa6a00.js:0
[  460355ms] [INFO] [Notifly] Notifly SDK is not initialized. Requested command will be executed as soon as the SDK is initialized. @ https://www.machuda.kr/_next/static/chunks/pages/_app-4df02a410eaa6a00.js:0
[  460358ms] [WARNING] <meta name="apple-mobile-web-app-capable" content="yes"> is deprecated. Please include <meta name="mobile-web-app-capable" content="yes"> @ https://www.machuda.kr/learning/certification/%EB%B9%85%EB%8D%B0%EC%9D%B4%ED%84%B0%EB%B6%84%EC%84%9D%EA%B8%B0%EC%82%AC/written/pastExam/practice/study?page=39&pastExamId=2048&title=2021%EB%85%84%EB%8F%84%202%ED%9A%8C%EC%B0%A8:0
[  460380ms] [INFO] [Notifly] Notifly SDK is not initialized. Requested command will be executed as soon as the SDK is initialized. @ https://www.machuda.kr/_next/static/chunks/pages/_app-4df02a410eaa6a00.js:0
[  460381ms] [LOG] 🔍 [getPartnerNameByDomain] 입력: {hostname: www.machuda.kr, normalized: www.machuda.kr} @ https://www.machuda.kr/_next/static/chunks/pages/_app-4df02a410eaa6a00.js:0
[  460381ms] [LOG]   ❌ 결과: null @ https://www.machuda.kr/_next/static/chunks/pages/_app-4df02a410eaa6a00.js:0
[  460386ms] [INFO] [Notifly] Notifly SDK is not initialized. Requested command will be executed as soon as the SDK is initialized. @ https://www.machuda.kr/_next/static/chunks/pages/_app-4df02a410eaa6a00.js:0
[  466819ms] [WARNING] The key "maximum-scale-1.0" is not recognized and ignored. @ https://www.machuda.kr/learning/certification/%EB%B9%85%EB%8D%B0%EC%9D%B4%ED%84%B0%EB%B6%84%EC%84%9D%EA%B8%B0%EC%82%AC/written/pastExam/practice/study?page=40&pastExamId=2048&title=2021%EB%85%84%EB%8F%84%202%ED%9A%8C%EC%B0%A8:0
[  466875ms] [INFO] [Notifly] Notifly SDK is not initialized. Requested command will be executed as soon as the SDK is initialized. @ https://www.machuda.kr/_next/static/chunks/pages/_app-4df02a410eaa6a00.js:0
[  466898ms] [INFO] [Notifly] Notifly SDK is not initialized. Requested command will be executed as soon as the SDK is initialized. @ https://www.machuda.kr/_next/static/chunks/pages/_app-4df02a410eaa6a00.js:0
[  466899ms] [INFO] [Notifly] Notifly SDK is not initialized. Requested command will be executed as soon as the SDK is initialized. @ https://www.machuda.kr/_next/static/chunks/pages/_app-4df02a410eaa6a00.js:0
[  466906ms] [WARNING] <meta name="apple-mobile-web-app-capable" content="yes"> is deprecated. Please include <meta name="mobile-web-app-capable" content="yes"> @ https://www.machuda.kr/learning/certification/%EB%B9%85%EB%8D%B0%EC%9D%B4%ED%84%B0%EB%B6%84%EC%84%9D%EA%B8%B0%EC%82%AC/written/pastExam/practice/study?page=40&pastExamId=2048&title=2021%EB%85%84%EB%8F%84%202%ED%9A%8C%EC%B0%A8:0
[  466915ms] [INFO] [Notifly] Notifly SDK is not initialized. Requested command will be executed as soon as the SDK is initialized. @ https://www.machuda.kr/_next/static/chunks/pages/_app-4df02a410eaa6a00.js:0
[  466916ms] [LOG] 🔍 [getPartnerNameByDomain] 입력: {hostname: www.machuda.kr, normalized: www.machuda.kr} @ https://www.machuda.kr/_next/static/chunks/pages/_app-4df02a410eaa6a00.js:0
[  466916ms] [LOG]   ❌ 결과: null @ https://www.machuda.kr/_next/static/chunks/pages/_app-4df02a410eaa6a00.js:0
[  466927ms] [INFO] [Notifly] Notifly SDK is not initialized. Requested command will be executed as soon as the SDK is initialized. @ https://www.machuda.kr/_next/static/chunks/pages/_app-4df02a410eaa6a00.js:0
[  471054ms] [WARNING] The key "maximum-scale-1.0" is not recognized and ignored. @ https://www.machuda.kr/learning/certification/%EB%B9%85%EB%8D%B0%EC%9D%B4%ED%84%B0%EB%B6%84%EC%84%9D%EA%B8%B0%EC%82%AC/written/pastExam/practice/study?page=41&pastExamId=2048&title=2021%EB%85%84%EB%8F%84%202%ED%9A%8C%EC%B0%A8:0
[  471112ms] [INFO] [Notifly] Notifly SDK is not initialized. Requested command will be executed as soon as the SDK is initialized. @ https://www.machuda.kr/_next/static/chunks/pages/_app-4df02a410eaa6a00.js:0
[  471171ms] [INFO] [Notifly] Notifly SDK is not initialized. Requested command will be executed as soon as the SDK is initialized. @ https://www.machuda.kr/_next/static/chunks/pages/_app-4df02a410eaa6a00.js:0
[  471171ms] [INFO] [Notifly] Notifly SDK is not initialized. Requested command will be executed as soon as the SDK is initialized. @ https://www.machuda.kr/_next/static/chunks/pages/_app-4df02a410eaa6a00.js:0
[  471172ms] [WARNING] <meta name="apple-mobile-web-app-capable" content="yes"> is deprecated. Please include <meta name="mobile-web-app-capable" content="yes"> @ https://www.machuda.kr/learning/certification/%EB%B9%85%EB%8D%B0%EC%9D%B4%ED%84%B0%EB%B6%84%EC%84%9D%EA%B8%B0%EC%82%AC/written/pastExam/practice/study?page=41&pastExamId=2048&title=2021%EB%85%84%EB%8F%84%202%ED%9A%8C%EC%B0%A8:0
[  471184ms] [INFO] [Notifly] Notifly SDK is not initialized. Requested command will be executed as soon as the SDK is initialized. @ https://www.machuda.kr/_next/static/chunks/pages/_app-4df02a410eaa6a00.js:0
[  471187ms] [LOG] 🔍 [getPartnerNameByDomain] 입력: {hostname: www.machuda.kr, normalized: www.machuda.kr} @ https://www.machuda.kr/_next/static/chunks/pages/_app-4df02a410eaa6a00.js:0
[  471187ms] [LOG]   ❌ 결과: null @ https://www.machuda.kr/_next/static/chunks/pages/_app-4df02a410eaa6a00.js:0
[  471192ms] [INFO] [Notifly] Notifly SDK is not initialized. Requested command will be executed as soon as the SDK is initialized. @ https://www.machuda.kr/_next/static/chunks/pages/_app-4df02a410eaa6a00.js:0
[  475295ms] [WARNING] The key "maximum-scale-1.0" is not recognized and ignored. @ https://www.machuda.kr/learning/certification/%EB%B9%85%EB%8D%B0%EC%9D%B4%ED%84%B0%EB%B6%84%EC%84%9D%EA%B8%B0%EC%82%AC/written/pastExam/practice/study?page=42&pastExamId=2048&title=2021%EB%85%84%EB%8F%84%202%ED%9A%8C%EC%B0%A8:0
[  475352ms] [INFO] [Notifly] Notifly SDK is not initialized. Requested command will be executed as soon as the SDK is initialized. @ https://www.machuda.kr/_next/static/chunks/pages/_app-4df02a410eaa6a00.js:0
[  475374ms] [INFO] [Notifly] Notifly SDK is not initialized. Requested command will be executed as soon as the SDK is initialized. @ https://www.machuda.kr/_next/static/chunks/pages/_app-4df02a410eaa6a00.js:0
[  475374ms] [INFO] [Notifly] Notifly SDK is not initialized. Requested command will be executed as soon as the SDK is initialized. @ https://www.machuda.kr/_next/static/chunks/pages/_app-4df02a410eaa6a00.js:0
[  475378ms] [WARNING] <meta name="apple-mobile-web-app-capable" content="yes"> is deprecated. Please include <meta name="mobile-web-app-capable" content="yes"> @ https://www.machuda.kr/learning/certification/%EB%B9%85%EB%8D%B0%EC%9D%B4%ED%84%B0%EB%B6%84%EC%84%9D%EA%B8%B0%EC%82%AC/written/pastExam/practice/study?page=42&pastExamId=2048&title=2021%EB%85%84%EB%8F%84%202%ED%9A%8C%EC%B0%A8:0
[  475395ms] [INFO] [Notifly] Notifly SDK is not initialized. Requested command will be executed as soon as the SDK is initialized. @ https://www.machuda.kr/_next/static/chunks/pages/_app-4df02a410eaa6a00.js:0
[  475396ms] [LOG] 🔍 [getPartnerNameByDomain] 입력: {hostname: www.machuda.kr, normalized: www.machuda.kr} @ https://www.machuda.kr/_next/static/chunks/pages/_app-4df02a410eaa6a00.js:0
[  475396ms] [LOG]   ❌ 결과: null @ https://www.machuda.kr/_next/static/chunks/pages/_app-4df02a410eaa6a00.js:0
[  475403ms] [INFO] [Notifly] Notifly SDK is not initialized. Requested command will be executed as soon as the SDK is initialized. @ https://www.machuda.kr/_next/static/chunks/pages/_app-4df02a410eaa6a00.js:0
[  479529ms] [WARNING] The key "maximum-scale-1.0" is not recognized and ignored. @ https://www.machuda.kr/learning/certification/%EB%B9%85%EB%8D%B0%EC%9D%B4%ED%84%B0%EB%B6%84%EC%84%9D%EA%B8%B0%EC%82%AC/written/pastExam/practice/study?page=43&pastExamId=2048&title=2021%EB%85%84%EB%8F%84%202%ED%9A%8C%EC%B0%A8:0
[  479582ms] [INFO] [Notifly] Notifly SDK is not initialized. Requested command will be executed as soon as the SDK is initialized. @ https://www.machuda.kr/_next/static/chunks/pages/_app-4df02a410eaa6a00.js:0
[  479603ms] [INFO] [Notifly] Notifly SDK is not initialized. Requested command will be executed as soon as the SDK is initialized. @ https://www.machuda.kr/_next/static/chunks/pages/_app-4df02a410eaa6a00.js:0
[  479604ms] [INFO] [Notifly] Notifly SDK is not initialized. Requested command will be executed as soon as the SDK is initialized. @ https://www.machuda.kr/_next/static/chunks/pages/_app-4df02a410eaa6a00.js:0
[  479606ms] [WARNING] <meta name="apple-mobile-web-app-capable" content="yes"> is deprecated. Please include <meta name="mobile-web-app-capable" content="yes"> @ https://www.machuda.kr/learning/certification/%EB%B9%85%EB%8D%B0%EC%9D%B4%ED%84%B0%EB%B6%84%EC%84%9D%EA%B8%B0%EC%82%AC/written/pastExam/practice/study?page=43&pastExamId=2048&title=2021%EB%85%84%EB%8F%84%202%ED%9A%8C%EC%B0%A8:0
[  479621ms] [INFO] [Notifly] Notifly SDK is not initialized. Requested command will be executed as soon as the SDK is initialized. @ https://www.machuda.kr/_next/static/chunks/pages/_app-4df02a410eaa6a00.js:0
[  479621ms] [LOG] 🔍 [getPartnerNameByDomain] 입력: {hostname: www.machuda.kr, normalized: www.machuda.kr} @ https://www.machuda.kr/_next/static/chunks/pages/_app-4df02a410eaa6a00.js:0
[  479622ms] [LOG]   ❌ 결과: null @ https://www.machuda.kr/_next/static/chunks/pages/_app-4df02a410eaa6a00.js:0
[  479627ms] [INFO] [Notifly] Notifly SDK is not initialized. Requested command will be executed as soon as the SDK is initialized. @ https://www.machuda.kr/_next/static/chunks/pages/_app-4df02a410eaa6a00.js:0
[  486053ms] [WARNING] The key "maximum-scale-1.0" is not recognized and ignored. @ https://www.machuda.kr/learning/certification/%EB%B9%85%EB%8D%B0%EC%9D%B4%ED%84%B0%EB%B6%84%EC%84%9D%EA%B8%B0%EC%82%AC/written/pastExam/practice/study?page=44&pastExamId=2048&title=2021%EB%85%84%EB%8F%84%202%ED%9A%8C%EC%B0%A8:0
[  486105ms] [INFO] [Notifly] Notifly SDK is not initialized. Requested command will be executed as soon as the SDK is initialized. @ https://www.machuda.kr/_next/static/chunks/pages/_app-4df02a410eaa6a00.js:0
[  486126ms] [INFO] [Notifly] Notifly SDK is not initialized. Requested command will be executed as soon as the SDK is initialized. @ https://www.machuda.kr/_next/static/chunks/pages/_app-4df02a410eaa6a00.js:0
[  486126ms] [INFO] [Notifly] Notifly SDK is not initialized. Requested command will be executed as soon as the SDK is initialized. @ https://www.machuda.kr/_next/static/chunks/pages/_app-4df02a410eaa6a00.js:0
[  486131ms] [WARNING] <meta name="apple-mobile-web-app-capable" content="yes"> is deprecated. Please include <meta name="mobile-web-app-capable" content="yes"> @ https://www.machuda.kr/learning/certification/%EB%B9%85%EB%8D%B0%EC%9D%B4%ED%84%B0%EB%B6%84%EC%84%9D%EA%B8%B0%EC%82%AC/written/pastExam/practice/study?page=44&pastExamId=2048&title=2021%EB%85%84%EB%8F%84%202%ED%9A%8C%EC%B0%A8:0
[  486140ms] [INFO] [Notifly] Notifly SDK is not initialized. Requested command will be executed as soon as the SDK is initialized. @ https://www.machuda.kr/_next/static/chunks/pages/_app-4df02a410eaa6a00.js:0
[  486141ms] [LOG] 🔍 [getPartnerNameByDomain] 입력: {hostname: www.machuda.kr, normalized: www.machuda.kr} @ https://www.machuda.kr/_next/static/chunks/pages/_app-4df02a410eaa6a00.js:0
[  486141ms] [LOG]   ❌ 결과: null @ https://www.machuda.kr/_next/static/chunks/pages/_app-4df02a410eaa6a00.js:0
[  486146ms] [INFO] [Notifly] Notifly SDK is not initialized. Requested command will be executed as soon as the SDK is initialized. @ https://www.machuda.kr/_next/static/chunks/pages/_app-4df02a410eaa6a00.js:0
[  490310ms] [WARNING] The key "maximum-scale-1.0" is not recognized and ignored. @ https://www.machuda.kr/learning/certification/%EB%B9%85%EB%8D%B0%EC%9D%B4%ED%84%B0%EB%B6%84%EC%84%9D%EA%B8%B0%EC%82%AC/written/pastExam/practice/study?page=45&pastExamId=2048&title=2021%EB%85%84%EB%8F%84%202%ED%9A%8C%EC%B0%A8:0
[  490362ms] [INFO] [Notifly] Notifly SDK is not initialized. Requested command will be executed as soon as the SDK is initialized. @ https://www.machuda.kr/_next/static/chunks/pages/_app-4df02a410eaa6a00.js:0
[  490386ms] [INFO] [Notifly] Notifly SDK is not initialized. Requested command will be executed as soon as the SDK is initialized. @ https://www.machuda.kr/_next/static/chunks/pages/_app-4df02a410eaa6a00.js:0
[  490386ms] [INFO] [Notifly] Notifly SDK is not initialized. Requested command will be executed as soon as the SDK is initialized. @ https://www.machuda.kr/_next/static/chunks/pages/_app-4df02a410eaa6a00.js:0
[  490391ms] [WARNING] <meta name="apple-mobile-web-app-capable" content="yes"> is deprecated. Please include <meta name="mobile-web-app-capable" content="yes"> @ https://www.machuda.kr/learning/certification/%EB%B9%85%EB%8D%B0%EC%9D%B4%ED%84%B0%EB%B6%84%EC%84%9D%EA%B8%B0%EC%82%AC/written/pastExam/practice/study?page=45&pastExamId=2048&title=2021%EB%85%84%EB%8F%84%202%ED%9A%8C%EC%B0%A8:0
[  490414ms] [INFO] [Notifly] Notifly SDK is not initialized. Requested command will be executed as soon as the SDK is initialized. @ https://www.machuda.kr/_next/static/chunks/pages/_app-4df02a410eaa6a00.js:0
[  490415ms] [LOG] 🔍 [getPartnerNameByDomain] 입력: {hostname: www.machuda.kr, normalized: www.machuda.kr} @ https://www.machuda.kr/_next/static/chunks/pages/_app-4df02a410eaa6a00.js:0
[  490415ms] [LOG]   ❌ 결과: null @ https://www.machuda.kr/_next/static/chunks/pages/_app-4df02a410eaa6a00.js:0
[  490428ms] [INFO] [Notifly] Notifly SDK is not initialized. Requested command will be executed as soon as the SDK is initialized. @ https://www.machuda.kr/_next/static/chunks/pages/_app-4df02a410eaa6a00.js:0
[  494543ms] [WARNING] The key "maximum-scale-1.0" is not recognized and ignored. @ https://www.machuda.kr/learning/certification/%EB%B9%85%EB%8D%B0%EC%9D%B4%ED%84%B0%EB%B6%84%EC%84%9D%EA%B8%B0%EC%82%AC/written/pastExam/practice/study?page=46&pastExamId=2048&title=2021%EB%85%84%EB%8F%84%202%ED%9A%8C%EC%B0%A8:0
[  494601ms] [INFO] [Notifly] Notifly SDK is not initialized. Requested command will be executed as soon as the SDK is initialized. @ https://www.machuda.kr/_next/static/chunks/pages/_app-4df02a410eaa6a00.js:0
[  494627ms] [INFO] [Notifly] Notifly SDK is not initialized. Requested command will be executed as soon as the SDK is initialized. @ https://www.machuda.kr/_next/static/chunks/pages/_app-4df02a410eaa6a00.js:0
[  494627ms] [INFO] [Notifly] Notifly SDK is not initialized. Requested command will be executed as soon as the SDK is initialized. @ https://www.machuda.kr/_next/static/chunks/pages/_app-4df02a410eaa6a00.js:0
[  494630ms] [WARNING] <meta name="apple-mobile-web-app-capable" content="yes"> is deprecated. Please include <meta name="mobile-web-app-capable" content="yes"> @ https://www.machuda.kr/learning/certification/%EB%B9%85%EB%8D%B0%EC%9D%B4%ED%84%B0%EB%B6%84%EC%84%9D%EA%B8%B0%EC%82%AC/written/pastExam/practice/study?page=46&pastExamId=2048&title=2021%EB%85%84%EB%8F%84%202%ED%9A%8C%EC%B0%A8:0
[  494642ms] [INFO] [Notifly] Notifly SDK is not initialized. Requested command will be executed as soon as the SDK is initialized. @ https://www.machuda.kr/_next/static/chunks/pages/_app-4df02a410eaa6a00.js:0
[  494645ms] [LOG] 🔍 [getPartnerNameByDomain] 입력: {hostname: www.machuda.kr, normalized: www.machuda.kr} @ https://www.machuda.kr/_next/static/chunks/pages/_app-4df02a410eaa6a00.js:0
[  494645ms] [LOG]   ❌ 결과: null @ https://www.machuda.kr/_next/static/chunks/pages/_app-4df02a410eaa6a00.js:0
[  494652ms] [INFO] [Notifly] Notifly SDK is not initialized. Requested command will be executed as soon as the SDK is initialized. @ https://www.machuda.kr/_next/static/chunks/pages/_app-4df02a410eaa6a00.js:0
[  498807ms] [WARNING] The key "maximum-scale-1.0" is not recognized and ignored. @ https://www.machuda.kr/learning/certification/%EB%B9%85%EB%8D%B0%EC%9D%B4%ED%84%B0%EB%B6%84%EC%84%9D%EA%B8%B0%EC%82%AC/written/pastExam/practice/study?page=47&pastExamId=2048&title=2021%EB%85%84%EB%8F%84%202%ED%9A%8C%EC%B0%A8:0
[  498873ms] [INFO] [Notifly] Notifly SDK is not initialized. Requested command will be executed as soon as the SDK is initialized. @ https://www.machuda.kr/_next/static/chunks/pages/_app-4df02a410eaa6a00.js:0
[  498895ms] [INFO] [Notifly] Notifly SDK is not initialized. Requested command will be executed as soon as the SDK is initialized. @ https://www.machuda.kr/_next/static/chunks/pages/_app-4df02a410eaa6a00.js:0
[  498895ms] [INFO] [Notifly] Notifly SDK is not initialized. Requested command will be executed as soon as the SDK is initialized. @ https://www.machuda.kr/_next/static/chunks/pages/_app-4df02a410eaa6a00.js:0
[  498898ms] [WARNING] <meta name="apple-mobile-web-app-capable" content="yes"> is deprecated. Please include <meta name="mobile-web-app-capable" content="yes"> @ https://www.machuda.kr/learning/certification/%EB%B9%85%EB%8D%B0%EC%9D%B4%ED%84%B0%EB%B6%84%EC%84%9D%EA%B8%B0%EC%82%AC/written/pastExam/practice/study?page=47&pastExamId=2048&title=2021%EB%85%84%EB%8F%84%202%ED%9A%8C%EC%B0%A8:0
[  498909ms] [INFO] [Notifly] Notifly SDK is not initialized. Requested command will be executed as soon as the SDK is initialized. @ https://www.machuda.kr/_next/static/chunks/pages/_app-4df02a410eaa6a00.js:0
[  498910ms] [LOG] 🔍 [getPartnerNameByDomain] 입력: {hostname: www.machuda.kr, normalized: www.machuda.kr} @ https://www.machuda.kr/_next/static/chunks/pages/_app-4df02a410eaa6a00.js:0
[  498910ms] [LOG]   ❌ 결과: null @ https://www.machuda.kr/_next/static/chunks/pages/_app-4df02a410eaa6a00.js:0
[  498917ms] [INFO] [Notifly] Notifly SDK is not initialized. Requested command will be executed as soon as the SDK is initialized. @ https://www.machuda.kr/_next/static/chunks/pages/_app-4df02a410eaa6a00.js:0
[  505352ms] [WARNING] The key "maximum-scale-1.0" is not recognized and ignored. @ https://www.machuda.kr/learning/certification/%EB%B9%85%EB%8D%B0%EC%9D%B4%ED%84%B0%EB%B6%84%EC%84%9D%EA%B8%B0%EC%82%AC/written/pastExam/practice/study?page=48&pastExamId=2048&title=2021%EB%85%84%EB%8F%84%202%ED%9A%8C%EC%B0%A8:0
[  505405ms] [INFO] [Notifly] Notifly SDK is not initialized. Requested command will be executed as soon as the SDK is initialized. @ https://www.machuda.kr/_next/static/chunks/pages/_app-4df02a410eaa6a00.js:0
[  505431ms] [INFO] [Notifly] Notifly SDK is not initialized. Requested command will be executed as soon as the SDK is initialized. @ https://www.machuda.kr/_next/static/chunks/pages/_app-4df02a410eaa6a00.js:0
[  505431ms] [INFO] [Notifly] Notifly SDK is not initialized. Requested command will be executed as soon as the SDK is initialized. @ https://www.machuda.kr/_next/static/chunks/pages/_app-4df02a410eaa6a00.js:0
[  505434ms] [WARNING] <meta name="apple-mobile-web-app-capable" content="yes"> is deprecated. Please include <meta name="mobile-web-app-capable" content="yes"> @ https://www.machuda.kr/learning/certification/%EB%B9%85%EB%8D%B0%EC%9D%B4%ED%84%B0%EB%B6%84%EC%84%9D%EA%B8%B0%EC%82%AC/written/pastExam/practice/study?page=48&pastExamId=2048&title=2021%EB%85%84%EB%8F%84%202%ED%9A%8C%EC%B0%A8:0
[  505457ms] [INFO] [Notifly] Notifly SDK is not initialized. Requested command will be executed as soon as the SDK is initialized. @ https://www.machuda.kr/_next/static/chunks/pages/_app-4df02a410eaa6a00.js:0
[  505458ms] [LOG] 🔍 [getPartnerNameByDomain] 입력: {hostname: www.machuda.kr, normalized: www.machuda.kr} @ https://www.machuda.kr/_next/static/chunks/pages/_app-4df02a410eaa6a00.js:0
[  505458ms] [LOG]   ❌ 결과: null @ https://www.machuda.kr/_next/static/chunks/pages/_app-4df02a410eaa6a00.js:0
[  505464ms] [INFO] [Notifly] Notifly SDK is not initialized. Requested command will be executed as soon as the SDK is initialized. @ https://www.machuda.kr/_next/static/chunks/pages/_app-4df02a410eaa6a00.js:0
[  509576ms] [WARNING] The key "maximum-scale-1.0" is not recognized and ignored. @ https://www.machuda.kr/learning/certification/%EB%B9%85%EB%8D%B0%EC%9D%B4%ED%84%B0%EB%B6%84%EC%84%9D%EA%B8%B0%EC%82%AC/written/pastExam/practice/study?page=49&pastExamId=2048&title=2021%EB%85%84%EB%8F%84%202%ED%9A%8C%EC%B0%A8:0
[  509639ms] [INFO] [Notifly] Notifly SDK is not initialized. Requested command will be executed as soon as the SDK is initialized. @ https://www.machuda.kr/_next/static/chunks/pages/_app-4df02a410eaa6a00.js:0
[  509664ms] [INFO] [Notifly] Notifly SDK is not initialized. Requested command will be executed as soon as the SDK is initialized. @ https://www.machuda.kr/_next/static/chunks/pages/_app-4df02a410eaa6a00.js:0
[  509665ms] [INFO] [Notifly] Notifly SDK is not initialized. Requested command will be executed as soon as the SDK is initialized. @ https://www.machuda.kr/_next/static/chunks/pages/_app-4df02a410eaa6a00.js:0
[  509670ms] [WARNING] <meta name="apple-mobile-web-app-capable" content="yes"> is deprecated. Please include <meta name="mobile-web-app-capable" content="yes"> @ https://www.machuda.kr/learning/certification/%EB%B9%85%EB%8D%B0%EC%9D%B4%ED%84%B0%EB%B6%84%EC%84%9D%EA%B8%B0%EC%82%AC/written/pastExam/practice/study?page=49&pastExamId=2048&title=2021%EB%85%84%EB%8F%84%202%ED%9A%8C%EC%B0%A8:0
[  509694ms] [INFO] [Notifly] Notifly SDK is not initialized. Requested command will be executed as soon as the SDK is initialized. @ https://www.machuda.kr/_next/static/chunks/pages/_app-4df02a410eaa6a00.js:0
[  509695ms] [LOG] 🔍 [getPartnerNameByDomain] 입력: {hostname: www.machuda.kr, normalized: www.machuda.kr} @ https://www.machuda.kr/_next/static/chunks/pages/_app-4df02a410eaa6a00.js:0
[  509695ms] [LOG]   ❌ 결과: null @ https://www.machuda.kr/_next/static/chunks/pages/_app-4df02a410eaa6a00.js:0
[  509707ms] [INFO] [Notifly] Notifly SDK is not initialized. Requested command will be executed as soon as the SDK is initialized. @ https://www.machuda.kr/_next/static/chunks/pages/_app-4df02a410eaa6a00.js:0
[  513818ms] [WARNING] The key "maximum-scale-1.0" is not recognized and ignored. @ https://www.machuda.kr/learning/certification/%EB%B9%85%EB%8D%B0%EC%9D%B4%ED%84%B0%EB%B6%84%EC%84%9D%EA%B8%B0%EC%82%AC/written/pastExam/practice/study?page=50&pastExamId=2048&title=2021%EB%85%84%EB%8F%84%202%ED%9A%8C%EC%B0%A8:0
[  513872ms] [INFO] [Notifly] Notifly SDK is not initialized. Requested command will be executed as soon as the SDK is initialized. @ https://www.machuda.kr/_next/static/chunks/pages/_app-4df02a410eaa6a00.js:0
[  513894ms] [INFO] [Notifly] Notifly SDK is not initialized. Requested command will be executed as soon as the SDK is initialized. @ https://www.machuda.kr/_next/static/chunks/pages/_app-4df02a410eaa6a00.js:0
[  513894ms] [INFO] [Notifly] Notifly SDK is not initialized. Requested command will be executed as soon as the SDK is initialized. @ https://www.machuda.kr/_next/static/chunks/pages/_app-4df02a410eaa6a00.js:0
[  513897ms] [WARNING] <meta name="apple-mobile-web-app-capable" content="yes"> is deprecated. Please include <meta name="mobile-web-app-capable" content="yes"> @ https://www.machuda.kr/learning/certification/%EB%B9%85%EB%8D%B0%EC%9D%B4%ED%84%B0%EB%B6%84%EC%84%9D%EA%B8%B0%EC%82%AC/written/pastExam/practice/study?page=50&pastExamId=2048&title=2021%EB%85%84%EB%8F%84%202%ED%9A%8C%EC%B0%A8:0
[  513917ms] [INFO] [Notifly] Notifly SDK is not initialized. Requested command will be executed as soon as the SDK is initialized. @ https://www.machuda.kr/_next/static/chunks/pages/_app-4df02a410eaa6a00.js:0
[  513919ms] [LOG] 🔍 [getPartnerNameByDomain] 입력: {hostname: www.machuda.kr, normalized: www.machuda.kr} @ https://www.machuda.kr/_next/static/chunks/pages/_app-4df02a410eaa6a00.js:0
[  513919ms] [LOG]   ❌ 결과: null @ https://www.machuda.kr/_next/static/chunks/pages/_app-4df02a410eaa6a00.js:0
[  513924ms] [INFO] [Notifly] Notifly SDK is not initialized. Requested command will be executed as soon as the SDK is initialized. @ https://www.machuda.kr/_next/static/chunks/pages/_app-4df02a410eaa6a00.js:0
[  518036ms] [WARNING] The key "maximum-scale-1.0" is not recognized and ignored. @ https://www.machuda.kr/learning/certification/%EB%B9%85%EB%8D%B0%EC%9D%B4%ED%84%B0%EB%B6%84%EC%84%9D%EA%B8%B0%EC%82%AC/written/pastExam/practice/study?page=51&pastExamId=2048&title=2021%EB%85%84%EB%8F%84%202%ED%9A%8C%EC%B0%A8:0
[  518104ms] [INFO] [Notifly] Notifly SDK is not initialized. Requested command will be executed as soon as the SDK is initialized. @ https://www.machuda.kr/_next/static/chunks/pages/_app-4df02a410eaa6a00.js:0
[  518135ms] [INFO] [Notifly] Notifly SDK is not initialized. Requested command will be executed as soon as the SDK is initialized. @ https://www.machuda.kr/_next/static/chunks/pages/_app-4df02a410eaa6a00.js:0
[  518135ms] [INFO] [Notifly] Notifly SDK is not initialized. Requested command will be executed as soon as the SDK is initialized. @ https://www.machuda.kr/_next/static/chunks/pages/_app-4df02a410eaa6a00.js:0
[  518135ms] [WARNING] <meta name="apple-mobile-web-app-capable" content="yes"> is deprecated. Please include <meta name="mobile-web-app-capable" content="yes"> @ https://www.machuda.kr/learning/certification/%EB%B9%85%EB%8D%B0%EC%9D%B4%ED%84%B0%EB%B6%84%EC%84%9D%EA%B8%B0%EC%82%AC/written/pastExam/practice/study?page=51&pastExamId=2048&title=2021%EB%85%84%EB%8F%84%202%ED%9A%8C%EC%B0%A8:0
[  518147ms] [INFO] [Notifly] Notifly SDK is not initialized. Requested command will be executed as soon as the SDK is initialized. @ https://www.machuda.kr/_next/static/chunks/pages/_app-4df02a410eaa6a00.js:0
[  518148ms] [LOG] 🔍 [getPartnerNameByDomain] 입력: {hostname: www.machuda.kr, normalized: www.machuda.kr} @ https://www.machuda.kr/_next/static/chunks/pages/_app-4df02a410eaa6a00.js:0
[  518150ms] [LOG]   ❌ 결과: null @ https://www.machuda.kr/_next/static/chunks/pages/_app-4df02a410eaa6a00.js:0
[  518156ms] [INFO] [Notifly] Notifly SDK is not initialized. Requested command will be executed as soon as the SDK is initialized. @ https://www.machuda.kr/_next/static/chunks/pages/_app-4df02a410eaa6a00.js:0
[  524550ms] [WARNING] The key "maximum-scale-1.0" is not recognized and ignored. @ https://www.machuda.kr/learning/certification/%EB%B9%85%EB%8D%B0%EC%9D%B4%ED%84%B0%EB%B6%84%EC%84%9D%EA%B8%B0%EC%82%AC/written/pastExam/practice/study?page=52&pastExamId=2048&title=2021%EB%85%84%EB%8F%84%202%ED%9A%8C%EC%B0%A8:0
[  524609ms] [INFO] [Notifly] Notifly SDK is not initialized. Requested command will be executed as soon as the SDK is initialized. @ https://www.machuda.kr/_next/static/chunks/pages/_app-4df02a410eaa6a00.js:0
[  524637ms] [INFO] [Notifly] Notifly SDK is not initialized. Requested command will be executed as soon as the SDK is initialized. @ https://www.machuda.kr/_next/static/chunks/pages/_app-4df02a410eaa6a00.js:0
[  524637ms] [INFO] [Notifly] Notifly SDK is not initialized. Requested command will be executed as soon as the SDK is initialized. @ https://www.machuda.kr/_next/static/chunks/pages/_app-4df02a410eaa6a00.js:0
[  524643ms] [WARNING] <meta name="apple-mobile-web-app-capable" content="yes"> is deprecated. Please include <meta name="mobile-web-app-capable" content="yes"> @ https://www.machuda.kr/learning/certification/%EB%B9%85%EB%8D%B0%EC%9D%B4%ED%84%B0%EB%B6%84%EC%84%9D%EA%B8%B0%EC%82%AC/written/pastExam/practice/study?page=52&pastExamId=2048&title=2021%EB%85%84%EB%8F%84%202%ED%9A%8C%EC%B0%A8:0
[  524659ms] [INFO] [Notifly] Notifly SDK is not initialized. Requested command will be executed as soon as the SDK is initialized. @ https://www.machuda.kr/_next/static/chunks/pages/_app-4df02a410eaa6a00.js:0
[  524660ms] [LOG] 🔍 [getPartnerNameByDomain] 입력: {hostname: www.machuda.kr, normalized: www.machuda.kr} @ https://www.machuda.kr/_next/static/chunks/pages/_app-4df02a410eaa6a00.js:0
[  524660ms] [LOG]   ❌ 결과: null @ https://www.machuda.kr/_next/static/chunks/pages/_app-4df02a410eaa6a00.js:0
[  524667ms] [INFO] [Notifly] Notifly SDK is not initialized. Requested command will be executed as soon as the SDK is initialized. @ https://www.machuda.kr/_next/static/chunks/pages/_app-4df02a410eaa6a00.js:0
[  528805ms] [WARNING] The key "maximum-scale-1.0" is not recognized and ignored. @ https://www.machuda.kr/learning/certification/%EB%B9%85%EB%8D%B0%EC%9D%B4%ED%84%B0%EB%B6%84%EC%84%9D%EA%B8%B0%EC%82%AC/written/pastExam/practice/study?page=53&pastExamId=2048&title=2021%EB%85%84%EB%8F%84%202%ED%9A%8C%EC%B0%A8:0
[  528856ms] [INFO] [Notifly] Notifly SDK is not initialized. Requested command will be executed as soon as the SDK is initialized. @ https://www.machuda.kr/_next/static/chunks/pages/_app-4df02a410eaa6a00.js:0
[  528883ms] [INFO] [Notifly] Notifly SDK is not initialized. Requested command will be executed as soon as the SDK is initialized. @ https://www.machuda.kr/_next/static/chunks/pages/_app-4df02a410eaa6a00.js:0
[  528883ms] [INFO] [Notifly] Notifly SDK is not initialized. Requested command will be executed as soon as the SDK is initialized. @ https://www.machuda.kr/_next/static/chunks/pages/_app-4df02a410eaa6a00.js:0
[  528888ms] [WARNING] <meta name="apple-mobile-web-app-capable" content="yes"> is deprecated. Please include <meta name="mobile-web-app-capable" content="yes"> @ https://www.machuda.kr/learning/certification/%EB%B9%85%EB%8D%B0%EC%9D%B4%ED%84%B0%EB%B6%84%EC%84%9D%EA%B8%B0%EC%82%AC/written/pastExam/practice/study?page=53&pastExamId=2048&title=2021%EB%85%84%EB%8F%84%202%ED%9A%8C%EC%B0%A8:0
[  528910ms] [INFO] [Notifly] Notifly SDK is not initialized. Requested command will be executed as soon as the SDK is initialized. @ https://www.machuda.kr/_next/static/chunks/pages/_app-4df02a410eaa6a00.js:0
[  528911ms] [LOG] 🔍 [getPartnerNameByDomain] 입력: {hostname: www.machuda.kr, normalized: www.machuda.kr} @ https://www.machuda.kr/_next/static/chunks/pages/_app-4df02a410eaa6a00.js:0
[  528911ms] [LOG]   ❌ 결과: null @ https://www.machuda.kr/_next/static/chunks/pages/_app-4df02a410eaa6a00.js:0
[  528924ms] [INFO] [Notifly] Notifly SDK is not initialized. Requested command will be executed as soon as the SDK is initialized. @ https://www.machuda.kr/_next/static/chunks/pages/_app-4df02a410eaa6a00.js:0
[  533045ms] [WARNING] The key "maximum-scale-1.0" is not recognized and ignored. @ https://www.machuda.kr/learning/certification/%EB%B9%85%EB%8D%B0%EC%9D%B4%ED%84%B0%EB%B6%84%EC%84%9D%EA%B8%B0%EC%82%AC/written/pastExam/practice/study?page=54&pastExamId=2048&title=2021%EB%85%84%EB%8F%84%202%ED%9A%8C%EC%B0%A8:0
[  533104ms] [INFO] [Notifly] Notifly SDK is not initialized. Requested command will be executed as soon as the SDK is initialized. @ https://www.machuda.kr/_next/static/chunks/pages/_app-4df02a410eaa6a00.js:0
[  533130ms] [INFO] [Notifly] Notifly SDK is not initialized. Requested command will be executed as soon as the SDK is initialized. @ https://www.machuda.kr/_next/static/chunks/pages/_app-4df02a410eaa6a00.js:0
[  533133ms] [INFO] [Notifly] Notifly SDK is not initialized. Requested command will be executed as soon as the SDK is initialized. @ https://www.machuda.kr/_next/static/chunks/pages/_app-4df02a410eaa6a00.js:0
[  533140ms] [WARNING] <meta name="apple-mobile-web-app-capable" content="yes"> is deprecated. Please include <meta name="mobile-web-app-capable" content="yes"> @ https://www.machuda.kr/learning/certification/%EB%B9%85%EB%8D%B0%EC%9D%B4%ED%84%B0%EB%B6%84%EC%84%9D%EA%B8%B0%EC%82%AC/written/pastExam/practice/study?page=54&pastExamId=2048&title=2021%EB%85%84%EB%8F%84%202%ED%9A%8C%EC%B0%A8:0
[  533152ms] [INFO] [Notifly] Notifly SDK is not initialized. Requested command will be executed as soon as the SDK is initialized. @ https://www.machuda.kr/_next/static/chunks/pages/_app-4df02a410eaa6a00.js:0
[  533153ms] [LOG] 🔍 [getPartnerNameByDomain] 입력: {hostname: www.machuda.kr, normalized: www.machuda.kr} @ https://www.machuda.kr/_next/static/chunks/pages/_app-4df02a410eaa6a00.js:0
[  533154ms] [LOG]   ❌ 결과: null @ https://www.machuda.kr/_next/static/chunks/pages/_app-4df02a410eaa6a00.js:0
[  533160ms] [INFO] [Notifly] Notifly SDK is not initialized. Requested command will be executed as soon as the SDK is initialized. @ https://www.machuda.kr/_next/static/chunks/pages/_app-4df02a410eaa6a00.js:0
[  537328ms] [WARNING] The key "maximum-scale-1.0" is not recognized and ignored. @ https://www.machuda.kr/learning/certification/%EB%B9%85%EB%8D%B0%EC%9D%B4%ED%84%B0%EB%B6%84%EC%84%9D%EA%B8%B0%EC%82%AC/written/pastExam/practice/study?page=55&pastExamId=2048&title=2021%EB%85%84%EB%8F%84%202%ED%9A%8C%EC%B0%A8:0
[  537385ms] [INFO] [Notifly] Notifly SDK is not initialized. Requested command will be executed as soon as the SDK is initialized. @ https://www.machuda.kr/_next/static/chunks/pages/_app-4df02a410eaa6a00.js:0
[  537410ms] [INFO] [Notifly] Notifly SDK is not initialized. Requested command will be executed as soon as the SDK is initialized. @ https://www.machuda.kr/_next/static/chunks/pages/_app-4df02a410eaa6a00.js:0
[  537410ms] [INFO] [Notifly] Notifly SDK is not initialized. Requested command will be executed as soon as the SDK is initialized. @ https://www.machuda.kr/_next/static/chunks/pages/_app-4df02a410eaa6a00.js:0
[  537414ms] [WARNING] <meta name="apple-mobile-web-app-capable" content="yes"> is deprecated. Please include <meta name="mobile-web-app-capable" content="yes"> @ https://www.machuda.kr/learning/certification/%EB%B9%85%EB%8D%B0%EC%9D%B4%ED%84%B0%EB%B6%84%EC%84%9D%EA%B8%B0%EC%82%AC/written/pastExam/practice/study?page=55&pastExamId=2048&title=2021%EB%85%84%EB%8F%84%202%ED%9A%8C%EC%B0%A8:0
[  537425ms] [INFO] [Notifly] Notifly SDK is not initialized. Requested command will be executed as soon as the SDK is initialized. @ https://www.machuda.kr/_next/static/chunks/pages/_app-4df02a410eaa6a00.js:0
[  537426ms] [LOG] 🔍 [getPartnerNameByDomain] 입력: {hostname: www.machuda.kr, normalized: www.machuda.kr} @ https://www.machuda.kr/_next/static/chunks/pages/_app-4df02a410eaa6a00.js:0
[  537426ms] [LOG]   ❌ 결과: null @ https://www.machuda.kr/_next/static/chunks/pages/_app-4df02a410eaa6a00.js:0
[  537437ms] [INFO] [Notifly] Notifly SDK is not initialized. Requested command will be executed as soon as the SDK is initialized. @ https://www.machuda.kr/_next/static/chunks/pages/_app-4df02a410eaa6a00.js:0
[  543764ms] [WARNING] The key "maximum-scale-1.0" is not recognized and ignored. @ https://www.machuda.kr/learning/certification/%EB%B9%85%EB%8D%B0%EC%9D%B4%ED%84%B0%EB%B6%84%EC%84%9D%EA%B8%B0%EC%82%AC/written/pastExam/practice/study?page=56&pastExamId=2048&title=2021%EB%85%84%EB%8F%84%202%ED%9A%8C%EC%B0%A8:0
[  543825ms] [INFO] [Notifly] Notifly SDK is not initialized. Requested command will be executed as soon as the SDK is initialized. @ https://www.machuda.kr/_next/static/chunks/pages/_app-4df02a410eaa6a00.js:0
[  543851ms] [INFO] [Notifly] Notifly SDK is not initialized. Requested command will be executed as soon as the SDK is initialized. @ https://www.machuda.kr/_next/static/chunks/pages/_app-4df02a410eaa6a00.js:0
[  543851ms] [INFO] [Notifly] Notifly SDK is not initialized. Requested command will be executed as soon as the SDK is initialized. @ https://www.machuda.kr/_next/static/chunks/pages/_app-4df02a410eaa6a00.js:0
[  543856ms] [WARNING] <meta name="apple-mobile-web-app-capable" content="yes"> is deprecated. Please include <meta name="mobile-web-app-capable" content="yes"> @ https://www.machuda.kr/learning/certification/%EB%B9%85%EB%8D%B0%EC%9D%B4%ED%84%B0%EB%B6%84%EC%84%9D%EA%B8%B0%EC%82%AC/written/pastExam/practice/study?page=56&pastExamId=2048&title=2021%EB%85%84%EB%8F%84%202%ED%9A%8C%EC%B0%A8:0
[  543873ms] [INFO] [Notifly] Notifly SDK is not initialized. Requested command will be executed as soon as the SDK is initialized. @ https://www.machuda.kr/_next/static/chunks/pages/_app-4df02a410eaa6a00.js:0
[  543873ms] [LOG] 🔍 [getPartnerNameByDomain] 입력: {hostname: www.machuda.kr, normalized: www.machuda.kr} @ https://www.machuda.kr/_next/static/chunks/pages/_app-4df02a410eaa6a00.js:0
[  543874ms] [LOG]   ❌ 결과: null @ https://www.machuda.kr/_next/static/chunks/pages/_app-4df02a410eaa6a00.js:0
[  543878ms] [INFO] [Notifly] Notifly SDK is not initialized. Requested command will be executed as soon as the SDK is initialized. @ https://www.machuda.kr/_next/static/chunks/pages/_app-4df02a410eaa6a00.js:0
[  548027ms] [WARNING] The key "maximum-scale-1.0" is not recognized and ignored. @ https://www.machuda.kr/learning/certification/%EB%B9%85%EB%8D%B0%EC%9D%B4%ED%84%B0%EB%B6%84%EC%84%9D%EA%B8%B0%EC%82%AC/written/pastExam/practice/study?page=57&pastExamId=2048&title=2021%EB%85%84%EB%8F%84%202%ED%9A%8C%EC%B0%A8:0
[  548094ms] [INFO] [Notifly] Notifly SDK is not initialized. Requested command will be executed as soon as the SDK is initialized. @ https://www.machuda.kr/_next/static/chunks/pages/_app-4df02a410eaa6a00.js:0
[  548129ms] [INFO] [Notifly] Notifly SDK is not initialized. Requested command will be executed as soon as the SDK is initialized. @ https://www.machuda.kr/_next/static/chunks/pages/_app-4df02a410eaa6a00.js:0
[  548130ms] [INFO] [Notifly] Notifly SDK is not initialized. Requested command will be executed as soon as the SDK is initialized. @ https://www.machuda.kr/_next/static/chunks/pages/_app-4df02a410eaa6a00.js:0
[  548139ms] [WARNING] <meta name="apple-mobile-web-app-capable" content="yes"> is deprecated. Please include <meta name="mobile-web-app-capable" content="yes"> @ https://www.machuda.kr/learning/certification/%EB%B9%85%EB%8D%B0%EC%9D%B4%ED%84%B0%EB%B6%84%EC%84%9D%EA%B8%B0%EC%82%AC/written/pastExam/practice/study?page=57&pastExamId=2048&title=2021%EB%85%84%EB%8F%84%202%ED%9A%8C%EC%B0%A8:0
[  548153ms] [INFO] [Notifly] Notifly SDK is not initialized. Requested command will be executed as soon as the SDK is initialized. @ https://www.machuda.kr/_next/static/chunks/pages/_app-4df02a410eaa6a00.js:0
[  548155ms] [LOG] 🔍 [getPartnerNameByDomain] 입력: {hostname: www.machuda.kr, normalized: www.machuda.kr} @ https://www.machuda.kr/_next/static/chunks/pages/_app-4df02a410eaa6a00.js:0
[  548155ms] [LOG]   ❌ 결과: null @ https://www.machuda.kr/_next/static/chunks/pages/_app-4df02a410eaa6a00.js:0
[  548184ms] [INFO] [Notifly] Notifly SDK is not initialized. Requested command will be executed as soon as the SDK is initialized. @ https://www.machuda.kr/_next/static/chunks/pages/_app-4df02a410eaa6a00.js:0
[  552271ms] [WARNING] The key "maximum-scale-1.0" is not recognized and ignored. @ https://www.machuda.kr/learning/certification/%EB%B9%85%EB%8D%B0%EC%9D%B4%ED%84%B0%EB%B6%84%EC%84%9D%EA%B8%B0%EC%82%AC/written/pastExam/practice/study?page=58&pastExamId=2048&title=2021%EB%85%84%EB%8F%84%202%ED%9A%8C%EC%B0%A8:0
[  552333ms] [INFO] [Notifly] Notifly SDK is not initialized. Requested command will be executed as soon as the SDK is initialized. @ https://www.machuda.kr/_next/static/chunks/pages/_app-4df02a410eaa6a00.js:0
[  552363ms] [INFO] [Notifly] Notifly SDK is not initialized. Requested command will be executed as soon as the SDK is initialized. @ https://www.machuda.kr/_next/static/chunks/pages/_app-4df02a410eaa6a00.js:0
[  552363ms] [INFO] [Notifly] Notifly SDK is not initialized. Requested command will be executed as soon as the SDK is initialized. @ https://www.machuda.kr/_next/static/chunks/pages/_app-4df02a410eaa6a00.js:0
[  552367ms] [WARNING] <meta name="apple-mobile-web-app-capable" content="yes"> is deprecated. Please include <meta name="mobile-web-app-capable" content="yes"> @ https://www.machuda.kr/learning/certification/%EB%B9%85%EB%8D%B0%EC%9D%B4%ED%84%B0%EB%B6%84%EC%84%9D%EA%B8%B0%EC%82%AC/written/pastExam/practice/study?page=58&pastExamId=2048&title=2021%EB%85%84%EB%8F%84%202%ED%9A%8C%EC%B0%A8:0
[  552383ms] [INFO] [Notifly] Notifly SDK is not initialized. Requested command will be executed as soon as the SDK is initialized. @ https://www.machuda.kr/_next/static/chunks/pages/_app-4df02a410eaa6a00.js:0
[  552386ms] [LOG] 🔍 [getPartnerNameByDomain] 입력: {hostname: www.machuda.kr, normalized: www.machuda.kr} @ https://www.machuda.kr/_next/static/chunks/pages/_app-4df02a410eaa6a00.js:0
[  552387ms] [LOG]   ❌ 결과: null @ https://www.machuda.kr/_next/static/chunks/pages/_app-4df02a410eaa6a00.js:0
[  552392ms] [INFO] [Notifly] Notifly SDK is not initialized. Requested command will be executed as soon as the SDK is initialized. @ https://www.machuda.kr/_next/static/chunks/pages/_app-4df02a410eaa6a00.js:0
[  556506ms] [WARNING] The key "maximum-scale-1.0" is not recognized and ignored. @ https://www.machuda.kr/learning/certification/%EB%B9%85%EB%8D%B0%EC%9D%B4%ED%84%B0%EB%B6%84%EC%84%9D%EA%B8%B0%EC%82%AC/written/pastExam/practice/study?page=59&pastExamId=2048&title=2021%EB%85%84%EB%8F%84%202%ED%9A%8C%EC%B0%A8:0
[  556565ms] [INFO] [Notifly] Notifly SDK is not initialized. Requested command will be executed as soon as the SDK is initialized. @ https://www.machuda.kr/_next/static/chunks/pages/_app-4df02a410eaa6a00.js:0
[  556589ms] [INFO] [Notifly] Notifly SDK is not initialized. Requested command will be executed as soon as the SDK is initialized. @ https://www.machuda.kr/_next/static/chunks/pages/_app-4df02a410eaa6a00.js:0
[  556589ms] [INFO] [Notifly] Notifly SDK is not initialized. Requested command will be executed as soon as the SDK is initialized. @ https://www.machuda.kr/_next/static/chunks/pages/_app-4df02a410eaa6a00.js:0
[  556592ms] [WARNING] <meta name="apple-mobile-web-app-capable" content="yes"> is deprecated. Please include <meta name="mobile-web-app-capable" content="yes"> @ https://www.machuda.kr/learning/certification/%EB%B9%85%EB%8D%B0%EC%9D%B4%ED%84%B0%EB%B6%84%EC%84%9D%EA%B8%B0%EC%82%AC/written/pastExam/practice/study?page=59&pastExamId=2048&title=2021%EB%85%84%EB%8F%84%202%ED%9A%8C%EC%B0%A8:0
[  556607ms] [INFO] [Notifly] Notifly SDK is not initialized. Requested command will be executed as soon as the SDK is initialized. @ https://www.machuda.kr/_next/static/chunks/pages/_app-4df02a410eaa6a00.js:0
[  556608ms] [LOG] 🔍 [getPartnerNameByDomain] 입력: {hostname: www.machuda.kr, normalized: www.machuda.kr} @ https://www.machuda.kr/_next/static/chunks/pages/_app-4df02a410eaa6a00.js:0
[  556608ms] [LOG]   ❌ 결과: null @ https://www.machuda.kr/_next/static/chunks/pages/_app-4df02a410eaa6a00.js:0
[  556616ms] [INFO] [Notifly] Notifly SDK is not initialized. Requested command will be executed as soon as the SDK is initialized. @ https://www.machuda.kr/_next/static/chunks/pages/_app-4df02a410eaa6a00.js:0
[  562986ms] [WARNING] The key "maximum-scale-1.0" is not recognized and ignored. @ https://www.machuda.kr/learning/certification/%EB%B9%85%EB%8D%B0%EC%9D%B4%ED%84%B0%EB%B6%84%EC%84%9D%EA%B8%B0%EC%82%AC/written/pastExam/practice/study?page=60&pastExamId=2048&title=2021%EB%85%84%EB%8F%84%202%ED%9A%8C%EC%B0%A8:0
[  563052ms] [INFO] [Notifly] Notifly SDK is not initialized. Requested command will be executed as soon as the SDK is initialized. @ https://www.machuda.kr/_next/static/chunks/pages/_app-4df02a410eaa6a00.js:0
[  563082ms] [INFO] [Notifly] Notifly SDK is not initialized. Requested command will be executed as soon as the SDK is initialized. @ https://www.machuda.kr/_next/static/chunks/pages/_app-4df02a410eaa6a00.js:0
[  563082ms] [INFO] [Notifly] Notifly SDK is not initialized. Requested command will be executed as soon as the SDK is initialized. @ https://www.machuda.kr/_next/static/chunks/pages/_app-4df02a410eaa6a00.js:0
[  563088ms] [WARNING] <meta name="apple-mobile-web-app-capable" content="yes"> is deprecated. Please include <meta name="mobile-web-app-capable" content="yes"> @ https://www.machuda.kr/learning/certification/%EB%B9%85%EB%8D%B0%EC%9D%B4%ED%84%B0%EB%B6%84%EC%84%9D%EA%B8%B0%EC%82%AC/written/pastExam/practice/study?page=60&pastExamId=2048&title=2021%EB%85%84%EB%8F%84%202%ED%9A%8C%EC%B0%A8:0
[  563106ms] [INFO] [Notifly] Notifly SDK is not initialized. Requested command will be executed as soon as the SDK is initialized. @ https://www.machuda.kr/_next/static/chunks/pages/_app-4df02a410eaa6a00.js:0
[  563106ms] [LOG] 🔍 [getPartnerNameByDomain] 입력: {hostname: www.machuda.kr, normalized: www.machuda.kr} @ https://www.machuda.kr/_next/static/chunks/pages/_app-4df02a410eaa6a00.js:0
[  563107ms] [LOG]   ❌ 결과: null @ https://www.machuda.kr/_next/static/chunks/pages/_app-4df02a410eaa6a00.js:0
[  563111ms] [INFO] [Notifly] Notifly SDK is not initialized. Requested command will be executed as soon as the SDK is initialized. @ https://www.machuda.kr/_next/static/chunks/pages/_app-4df02a410eaa6a00.js:0
[  567235ms] [WARNING] The key "maximum-scale-1.0" is not recognized and ignored. @ https://www.machuda.kr/learning/certification/%EB%B9%85%EB%8D%B0%EC%9D%B4%ED%84%B0%EB%B6%84%EC%84%9D%EA%B8%B0%EC%82%AC/written/pastExam/practice/study?page=61&pastExamId=2048&title=2021%EB%85%84%EB%8F%84%202%ED%9A%8C%EC%B0%A8:0
[  567293ms] [INFO] [Notifly] Notifly SDK is not initialized. Requested command will be executed as soon as the SDK is initialized. @ https://www.machuda.kr/_next/static/chunks/pages/_app-4df02a410eaa6a00.js:0
[  567321ms] [INFO] [Notifly] Notifly SDK is not initialized. Requested command will be executed as soon as the SDK is initialized. @ https://www.machuda.kr/_next/static/chunks/pages/_app-4df02a410eaa6a00.js:0
[  567322ms] [INFO] [Notifly] Notifly SDK is not initialized. Requested command will be executed as soon as the SDK is initialized. @ https://www.machuda.kr/_next/static/chunks/pages/_app-4df02a410eaa6a00.js:0
[  567325ms] [WARNING] <meta name="apple-mobile-web-app-capable" content="yes"> is deprecated. Please include <meta name="mobile-web-app-capable" content="yes"> @ https://www.machuda.kr/learning/certification/%EB%B9%85%EB%8D%B0%EC%9D%B4%ED%84%B0%EB%B6%84%EC%84%9D%EA%B8%B0%EC%82%AC/written/pastExam/practice/study?page=61&pastExamId=2048&title=2021%EB%85%84%EB%8F%84%202%ED%9A%8C%EC%B0%A8:0
[  567344ms] [INFO] [Notifly] Notifly SDK is not initialized. Requested command will be executed as soon as the SDK is initialized. @ https://www.machuda.kr/_next/static/chunks/pages/_app-4df02a410eaa6a00.js:0
[  567345ms] [LOG] 🔍 [getPartnerNameByDomain] 입력: {hostname: www.machuda.kr, normalized: www.machuda.kr} @ https://www.machuda.kr/_next/static/chunks/pages/_app-4df02a410eaa6a00.js:0
[  567345ms] [LOG]   ❌ 결과: null @ https://www.machuda.kr/_next/static/chunks/pages/_app-4df02a410eaa6a00.js:0
[  567352ms] [INFO] [Notifly] Notifly SDK is not initialized. Requested command will be executed as soon as the SDK is initialized. @ https://www.machuda.kr/_next/static/chunks/pages/_app-4df02a410eaa6a00.js:0
[  571473ms] [WARNING] The key "maximum-scale-1.0" is not recognized and ignored. @ https://www.machuda.kr/learning/certification/%EB%B9%85%EB%8D%B0%EC%9D%B4%ED%84%B0%EB%B6%84%EC%84%9D%EA%B8%B0%EC%82%AC/written/pastExam/practice/study?page=62&pastExamId=2048&title=2021%EB%85%84%EB%8F%84%202%ED%9A%8C%EC%B0%A8:0
[  571523ms] [INFO] [Notifly] Notifly SDK is not initialized. Requested command will be executed as soon as the SDK is initialized. @ https://www.machuda.kr/_next/static/chunks/pages/_app-4df02a410eaa6a00.js:0
[  571548ms] [INFO] [Notifly] Notifly SDK is not initialized. Requested command will be executed as soon as the SDK is initialized. @ https://www.machuda.kr/_next/static/chunks/pages/_app-4df02a410eaa6a00.js:0
[  571548ms] [INFO] [Notifly] Notifly SDK is not initialized. Requested command will be executed as soon as the SDK is initialized. @ https://www.machuda.kr/_next/static/chunks/pages/_app-4df02a410eaa6a00.js:0
[  571551ms] [WARNING] <meta name="apple-mobile-web-app-capable" content="yes"> is deprecated. Please include <meta name="mobile-web-app-capable" content="yes"> @ https://www.machuda.kr/learning/certification/%EB%B9%85%EB%8D%B0%EC%9D%B4%ED%84%B0%EB%B6%84%EC%84%9D%EA%B8%B0%EC%82%AC/written/pastExam/practice/study?page=62&pastExamId=2048&title=2021%EB%85%84%EB%8F%84%202%ED%9A%8C%EC%B0%A8:0
[  571574ms] [INFO] [Notifly] Notifly SDK is not initialized. Requested command will be executed as soon as the SDK is initialized. @ https://www.machuda.kr/_next/static/chunks/pages/_app-4df02a410eaa6a00.js:0
[  571574ms] [LOG] 🔍 [getPartnerNameByDomain] 입력: {hostname: www.machuda.kr, normalized: www.machuda.kr} @ https://www.machuda.kr/_next/static/chunks/pages/_app-4df02a410eaa6a00.js:0
[  571574ms] [LOG]   ❌ 결과: null @ https://www.machuda.kr/_next/static/chunks/pages/_app-4df02a410eaa6a00.js:0
[  571580ms] [INFO] [Notifly] Notifly SDK is not initialized. Requested command will be executed as soon as the SDK is initialized. @ https://www.machuda.kr/_next/static/chunks/pages/_app-4df02a410eaa6a00.js:0
[  575730ms] [WARNING] The key "maximum-scale-1.0" is not recognized and ignored. @ https://www.machuda.kr/learning/certification/%EB%B9%85%EB%8D%B0%EC%9D%B4%ED%84%B0%EB%B6%84%EC%84%9D%EA%B8%B0%EC%82%AC/written/pastExam/practice/study?page=63&pastExamId=2048&title=2021%EB%85%84%EB%8F%84%202%ED%9A%8C%EC%B0%A8:0
[  575785ms] [INFO] [Notifly] Notifly SDK is not initialized. Requested command will be executed as soon as the SDK is initialized. @ https://www.machuda.kr/_next/static/chunks/pages/_app-4df02a410eaa6a00.js:0
[  575806ms] [INFO] [Notifly] Notifly SDK is not initialized. Requested command will be executed as soon as the SDK is initialized. @ https://www.machuda.kr/_next/static/chunks/pages/_app-4df02a410eaa6a00.js:0
[  575806ms] [INFO] [Notifly] Notifly SDK is not initialized. Requested command will be executed as soon as the SDK is initialized. @ https://www.machuda.kr/_next/static/chunks/pages/_app-4df02a410eaa6a00.js:0
[  575809ms] [WARNING] <meta name="apple-mobile-web-app-capable" content="yes"> is deprecated. Please include <meta name="mobile-web-app-capable" content="yes"> @ https://www.machuda.kr/learning/certification/%EB%B9%85%EB%8D%B0%EC%9D%B4%ED%84%B0%EB%B6%84%EC%84%9D%EA%B8%B0%EC%82%AC/written/pastExam/practice/study?page=63&pastExamId=2048&title=2021%EB%85%84%EB%8F%84%202%ED%9A%8C%EC%B0%A8:0
[  575822ms] [INFO] [Notifly] Notifly SDK is not initialized. Requested command will be executed as soon as the SDK is initialized. @ https://www.machuda.kr/_next/static/chunks/pages/_app-4df02a410eaa6a00.js:0
[  575823ms] [LOG] 🔍 [getPartnerNameByDomain] 입력: {hostname: www.machuda.kr, normalized: www.machuda.kr} @ https://www.machuda.kr/_next/static/chunks/pages/_app-4df02a410eaa6a00.js:0
[  575823ms] [LOG]   ❌ 결과: null @ https://www.machuda.kr/_next/static/chunks/pages/_app-4df02a410eaa6a00.js:0
[  575829ms] [INFO] [Notifly] Notifly SDK is not initialized. Requested command will be executed as soon as the SDK is initialized. @ https://www.machuda.kr/_next/static/chunks/pages/_app-4df02a410eaa6a00.js:0
[  582226ms] [WARNING] The key "maximum-scale-1.0" is not recognized and ignored. @ https://www.machuda.kr/learning/certification/%EB%B9%85%EB%8D%B0%EC%9D%B4%ED%84%B0%EB%B6%84%EC%84%9D%EA%B8%B0%EC%82%AC/written/pastExam/practice/study?page=64&pastExamId=2048&title=2021%EB%85%84%EB%8F%84%202%ED%9A%8C%EC%B0%A8:0
[  582287ms] [INFO] [Notifly] Notifly SDK is not initialized. Requested command will be executed as soon as the SDK is initialized. @ https://www.machuda.kr/_next/static/chunks/pages/_app-4df02a410eaa6a00.js:0
[  582315ms] [INFO] [Notifly] Notifly SDK is not initialized. Requested command will be executed as soon as the SDK is initialized. @ https://www.machuda.kr/_next/static/chunks/pages/_app-4df02a410eaa6a00.js:0
[  582315ms] [INFO] [Notifly] Notifly SDK is not initialized. Requested command will be executed as soon as the SDK is initialized. @ https://www.machuda.kr/_next/static/chunks/pages/_app-4df02a410eaa6a00.js:0
[  582318ms] [WARNING] <meta name="apple-mobile-web-app-capable" content="yes"> is deprecated. Please include <meta name="mobile-web-app-capable" content="yes"> @ https://www.machuda.kr/learning/certification/%EB%B9%85%EB%8D%B0%EC%9D%B4%ED%84%B0%EB%B6%84%EC%84%9D%EA%B8%B0%EC%82%AC/written/pastExam/practice/study?page=64&pastExamId=2048&title=2021%EB%85%84%EB%8F%84%202%ED%9A%8C%EC%B0%A8:0
[  582332ms] [INFO] [Notifly] Notifly SDK is not initialized. Requested command will be executed as soon as the SDK is initialized. @ https://www.machuda.kr/_next/static/chunks/pages/_app-4df02a410eaa6a00.js:0
[  582334ms] [LOG] 🔍 [getPartnerNameByDomain] 입력: {hostname: www.machuda.kr, normalized: www.machuda.kr} @ https://www.machuda.kr/_next/static/chunks/pages/_app-4df02a410eaa6a00.js:0
[  582334ms] [LOG]   ❌ 결과: null @ https://www.machuda.kr/_next/static/chunks/pages/_app-4df02a410eaa6a00.js:0
[  582340ms] [INFO] [Notifly] Notifly SDK is not initialized. Requested command will be executed as soon as the SDK is initialized. @ https://www.machuda.kr/_next/static/chunks/pages/_app-4df02a410eaa6a00.js:0
[  586461ms] [WARNING] The key "maximum-scale-1.0" is not recognized and ignored. @ https://www.machuda.kr/learning/certification/%EB%B9%85%EB%8D%B0%EC%9D%B4%ED%84%B0%EB%B6%84%EC%84%9D%EA%B8%B0%EC%82%AC/written/pastExam/practice/study?page=65&pastExamId=2048&title=2021%EB%85%84%EB%8F%84%202%ED%9A%8C%EC%B0%A8:0
[  586526ms] [INFO] [Notifly] Notifly SDK is not initialized. Requested command will be executed as soon as the SDK is initialized. @ https://www.machuda.kr/_next/static/chunks/pages/_app-4df02a410eaa6a00.js:0
[  586550ms] [INFO] [Notifly] Notifly SDK is not initialized. Requested command will be executed as soon as the SDK is initialized. @ https://www.machuda.kr/_next/static/chunks/pages/_app-4df02a410eaa6a00.js:0
[  586550ms] [INFO] [Notifly] Notifly SDK is not initialized. Requested command will be executed as soon as the SDK is initialized. @ https://www.machuda.kr/_next/static/chunks/pages/_app-4df02a410eaa6a00.js:0
[  586555ms] [WARNING] <meta name="apple-mobile-web-app-capable" content="yes"> is deprecated. Please include <meta name="mobile-web-app-capable" content="yes"> @ https://www.machuda.kr/learning/certification/%EB%B9%85%EB%8D%B0%EC%9D%B4%ED%84%B0%EB%B6%84%EC%84%9D%EA%B8%B0%EC%82%AC/written/pastExam/practice/study?page=65&pastExamId=2048&title=2021%EB%85%84%EB%8F%84%202%ED%9A%8C%EC%B0%A8:0
[  586572ms] [INFO] [Notifly] Notifly SDK is not initialized. Requested command will be executed as soon as the SDK is initialized. @ https://www.machuda.kr/_next/static/chunks/pages/_app-4df02a410eaa6a00.js:0
[  586573ms] [LOG] 🔍 [getPartnerNameByDomain] 입력: {hostname: www.machuda.kr, normalized: www.machuda.kr} @ https://www.machuda.kr/_next/static/chunks/pages/_app-4df02a410eaa6a00.js:0
[  586573ms] [LOG]   ❌ 결과: null @ https://www.machuda.kr/_next/static/chunks/pages/_app-4df02a410eaa6a00.js:0
[  586581ms] [INFO] [Notifly] Notifly SDK is not initialized. Requested command will be executed as soon as the SDK is initialized. @ https://www.machuda.kr/_next/static/chunks/pages/_app-4df02a410eaa6a00.js:0
[  590703ms] [WARNING] The key "maximum-scale-1.0" is not recognized and ignored. @ https://www.machuda.kr/learning/certification/%EB%B9%85%EB%8D%B0%EC%9D%B4%ED%84%B0%EB%B6%84%EC%84%9D%EA%B8%B0%EC%82%AC/written/pastExam/practice/study?page=66&pastExamId=2048&title=2021%EB%85%84%EB%8F%84%202%ED%9A%8C%EC%B0%A8:0
[  590756ms] [INFO] [Notifly] Notifly SDK is not initialized. Requested command will be executed as soon as the SDK is initialized. @ https://www.machuda.kr/_next/static/chunks/pages/_app-4df02a410eaa6a00.js:0
[  590783ms] [INFO] [Notifly] Notifly SDK is not initialized. Requested command will be executed as soon as the SDK is initialized. @ https://www.machuda.kr/_next/static/chunks/pages/_app-4df02a410eaa6a00.js:0
[  590783ms] [INFO] [Notifly] Notifly SDK is not initialized. Requested command will be executed as soon as the SDK is initialized. @ https://www.machuda.kr/_next/static/chunks/pages/_app-4df02a410eaa6a00.js:0
[  590786ms] [WARNING] <meta name="apple-mobile-web-app-capable" content="yes"> is deprecated. Please include <meta name="mobile-web-app-capable" content="yes"> @ https://www.machuda.kr/learning/certification/%EB%B9%85%EB%8D%B0%EC%9D%B4%ED%84%B0%EB%B6%84%EC%84%9D%EA%B8%B0%EC%82%AC/written/pastExam/practice/study?page=66&pastExamId=2048&title=2021%EB%85%84%EB%8F%84%202%ED%9A%8C%EC%B0%A8:0
[  590795ms] [INFO] [Notifly] Notifly SDK is not initialized. Requested command will be executed as soon as the SDK is initialized. @ https://www.machuda.kr/_next/static/chunks/pages/_app-4df02a410eaa6a00.js:0
[  590796ms] [LOG] 🔍 [getPartnerNameByDomain] 입력: {hostname: www.machuda.kr, normalized: www.machuda.kr} @ https://www.machuda.kr/_next/static/chunks/pages/_app-4df02a410eaa6a00.js:0
[  590796ms] [LOG]   ❌ 결과: null @ https://www.machuda.kr/_next/static/chunks/pages/_app-4df02a410eaa6a00.js:0
[  590803ms] [INFO] [Notifly] Notifly SDK is not initialized. Requested command will be executed as soon as the SDK is initialized. @ https://www.machuda.kr/_next/static/chunks/pages/_app-4df02a410eaa6a00.js:0
[  594922ms] [WARNING] The key "maximum-scale-1.0" is not recognized and ignored. @ https://www.machuda.kr/learning/certification/%EB%B9%85%EB%8D%B0%EC%9D%B4%ED%84%B0%EB%B6%84%EC%84%9D%EA%B8%B0%EC%82%AC/written/pastExam/practice/study?page=67&pastExamId=2048&title=2021%EB%85%84%EB%8F%84%202%ED%9A%8C%EC%B0%A8:0
[  594977ms] [INFO] [Notifly] Notifly SDK is not initialized. Requested command will be executed as soon as the SDK is initialized. @ https://www.machuda.kr/_next/static/chunks/pages/_app-4df02a410eaa6a00.js:0
[  595006ms] [INFO] [Notifly] Notifly SDK is not initialized. Requested command will be executed as soon as the SDK is initialized. @ https://www.machuda.kr/_next/static/chunks/pages/_app-4df02a410eaa6a00.js:0
[  595006ms] [INFO] [Notifly] Notifly SDK is not initialized. Requested command will be executed as soon as the SDK is initialized. @ https://www.machuda.kr/_next/static/chunks/pages/_app-4df02a410eaa6a00.js:0
[  595010ms] [WARNING] <meta name="apple-mobile-web-app-capable" content="yes"> is deprecated. Please include <meta name="mobile-web-app-capable" content="yes"> @ https://www.machuda.kr/learning/certification/%EB%B9%85%EB%8D%B0%EC%9D%B4%ED%84%B0%EB%B6%84%EC%84%9D%EA%B8%B0%EC%82%AC/written/pastExam/practice/study?page=67&pastExamId=2048&title=2021%EB%85%84%EB%8F%84%202%ED%9A%8C%EC%B0%A8:0
[  595022ms] [INFO] [Notifly] Notifly SDK is not initialized. Requested command will be executed as soon as the SDK is initialized. @ https://www.machuda.kr/_next/static/chunks/pages/_app-4df02a410eaa6a00.js:0
[  595023ms] [LOG] 🔍 [getPartnerNameByDomain] 입력: {hostname: www.machuda.kr, normalized: www.machuda.kr} @ https://www.machuda.kr/_next/static/chunks/pages/_app-4df02a410eaa6a00.js:0
[  595023ms] [LOG]   ❌ 결과: null @ https://www.machuda.kr/_next/static/chunks/pages/_app-4df02a410eaa6a00.js:0
[  595031ms] [INFO] [Notifly] Notifly SDK is not initialized. Requested command will be executed as soon as the SDK is initialized. @ https://www.machuda.kr/_next/static/chunks/pages/_app-4df02a410eaa6a00.js:0
[  601448ms] [WARNING] The key "maximum-scale-1.0" is not recognized and ignored. @ https://www.machuda.kr/learning/certification/%EB%B9%85%EB%8D%B0%EC%9D%B4%ED%84%B0%EB%B6%84%EC%84%9D%EA%B8%B0%EC%82%AC/written/pastExam/practice/study?page=68&pastExamId=2048&title=2021%EB%85%84%EB%8F%84%202%ED%9A%8C%EC%B0%A8:0
[  601513ms] [INFO] [Notifly] Notifly SDK is not initialized. Requested command will be executed as soon as the SDK is initialized. @ https://www.machuda.kr/_next/static/chunks/pages/_app-4df02a410eaa6a00.js:0
[  601540ms] [INFO] [Notifly] Notifly SDK is not initialized. Requested command will be executed as soon as the SDK is initialized. @ https://www.machuda.kr/_next/static/chunks/pages/_app-4df02a410eaa6a00.js:0
[  601541ms] [INFO] [Notifly] Notifly SDK is not initialized. Requested command will be executed as soon as the SDK is initialized. @ https://www.machuda.kr/_next/static/chunks/pages/_app-4df02a410eaa6a00.js:0
[  601552ms] [WARNING] <meta name="apple-mobile-web-app-capable" content="yes"> is deprecated. Please include <meta name="mobile-web-app-capable" content="yes"> @ https://www.machuda.kr/learning/certification/%EB%B9%85%EB%8D%B0%EC%9D%B4%ED%84%B0%EB%B6%84%EC%84%9D%EA%B8%B0%EC%82%AC/written/pastExam/practice/study?page=68&pastExamId=2048&title=2021%EB%85%84%EB%8F%84%202%ED%9A%8C%EC%B0%A8:0
[  601568ms] [INFO] [Notifly] Notifly SDK is not initialized. Requested command will be executed as soon as the SDK is initialized. @ https://www.machuda.kr/_next/static/chunks/pages/_app-4df02a410eaa6a00.js:0
[  601569ms] [LOG] 🔍 [getPartnerNameByDomain] 입력: {hostname: www.machuda.kr, normalized: www.machuda.kr} @ https://www.machuda.kr/_next/static/chunks/pages/_app-4df02a410eaa6a00.js:0
[  601569ms] [LOG]   ❌ 결과: null @ https://www.machuda.kr/_next/static/chunks/pages/_app-4df02a410eaa6a00.js:0
[  601574ms] [INFO] [Notifly] Notifly SDK is not initialized. Requested command will be executed as soon as the SDK is initialized. @ https://www.machuda.kr/_next/static/chunks/pages/_app-4df02a410eaa6a00.js:0
[  605689ms] [WARNING] The key "maximum-scale-1.0" is not recognized and ignored. @ https://www.machuda.kr/learning/certification/%EB%B9%85%EB%8D%B0%EC%9D%B4%ED%84%B0%EB%B6%84%EC%84%9D%EA%B8%B0%EC%82%AC/written/pastExam/practice/study?page=69&pastExamId=2048&title=2021%EB%85%84%EB%8F%84%202%ED%9A%8C%EC%B0%A8:0
[  605747ms] [INFO] [Notifly] Notifly SDK is not initialized. Requested command will be executed as soon as the SDK is initialized. @ https://www.machuda.kr/_next/static/chunks/pages/_app-4df02a410eaa6a00.js:0
[  605770ms] [INFO] [Notifly] Notifly SDK is not initialized. Requested command will be executed as soon as the SDK is initialized. @ https://www.machuda.kr/_next/static/chunks/pages/_app-4df02a410eaa6a00.js:0
[  605771ms] [INFO] [Notifly] Notifly SDK is not initialized. Requested command will be executed as soon as the SDK is initialized. @ https://www.machuda.kr/_next/static/chunks/pages/_app-4df02a410eaa6a00.js:0
[  605774ms] [WARNING] <meta name="apple-mobile-web-app-capable" content="yes"> is deprecated. Please include <meta name="mobile-web-app-capable" content="yes"> @ https://www.machuda.kr/learning/certification/%EB%B9%85%EB%8D%B0%EC%9D%B4%ED%84%B0%EB%B6%84%EC%84%9D%EA%B8%B0%EC%82%AC/written/pastExam/practice/study?page=69&pastExamId=2048&title=2021%EB%85%84%EB%8F%84%202%ED%9A%8C%EC%B0%A8:0
[  605786ms] [INFO] [Notifly] Notifly SDK is not initialized. Requested command will be executed as soon as the SDK is initialized. @ https://www.machuda.kr/_next/static/chunks/pages/_app-4df02a410eaa6a00.js:0
[  605787ms] [LOG] 🔍 [getPartnerNameByDomain] 입력: {hostname: www.machuda.kr, normalized: www.machuda.kr} @ https://www.machuda.kr/_next/static/chunks/pages/_app-4df02a410eaa6a00.js:0
[  605787ms] [LOG]   ❌ 결과: null @ https://www.machuda.kr/_next/static/chunks/pages/_app-4df02a410eaa6a00.js:0
[  605793ms] [INFO] [Notifly] Notifly SDK is not initialized. Requested command will be executed as soon as the SDK is initialized. @ https://www.machuda.kr/_next/static/chunks/pages/_app-4df02a410eaa6a00.js:0
[  609925ms] [WARNING] The key "maximum-scale-1.0" is not recognized and ignored. @ https://www.machuda.kr/learning/certification/%EB%B9%85%EB%8D%B0%EC%9D%B4%ED%84%B0%EB%B6%84%EC%84%9D%EA%B8%B0%EC%82%AC/written/pastExam/practice/study?page=70&pastExamId=2048&title=2021%EB%85%84%EB%8F%84%202%ED%9A%8C%EC%B0%A8:0
[  609977ms] [INFO] [Notifly] Notifly SDK is not initialized. Requested command will be executed as soon as the SDK is initialized. @ https://www.machuda.kr/_next/static/chunks/pages/_app-4df02a410eaa6a00.js:0
[  610003ms] [INFO] [Notifly] Notifly SDK is not initialized. Requested command will be executed as soon as the SDK is initialized. @ https://www.machuda.kr/_next/static/chunks/pages/_app-4df02a410eaa6a00.js:0
[  610003ms] [INFO] [Notifly] Notifly SDK is not initialized. Requested command will be executed as soon as the SDK is initialized. @ https://www.machuda.kr/_next/static/chunks/pages/_app-4df02a410eaa6a00.js:0
[  610007ms] [WARNING] <meta name="apple-mobile-web-app-capable" content="yes"> is deprecated. Please include <meta name="mobile-web-app-capable" content="yes"> @ https://www.machuda.kr/learning/certification/%EB%B9%85%EB%8D%B0%EC%9D%B4%ED%84%B0%EB%B6%84%EC%84%9D%EA%B8%B0%EC%82%AC/written/pastExam/practice/study?page=70&pastExamId=2048&title=2021%EB%85%84%EB%8F%84%202%ED%9A%8C%EC%B0%A8:0
[  610019ms] [INFO] [Notifly] Notifly SDK is not initialized. Requested command will be executed as soon as the SDK is initialized. @ https://www.machuda.kr/_next/static/chunks/pages/_app-4df02a410eaa6a00.js:0
[  610020ms] [LOG] 🔍 [getPartnerNameByDomain] 입력: {hostname: www.machuda.kr, normalized: www.machuda.kr} @ https://www.machuda.kr/_next/static/chunks/pages/_app-4df02a410eaa6a00.js:0
[  610020ms] [LOG]   ❌ 결과: null @ https://www.machuda.kr/_next/static/chunks/pages/_app-4df02a410eaa6a00.js:0
[  610032ms] [INFO] [Notifly] Notifly SDK is not initialized. Requested command will be executed as soon as the SDK is initialized. @ https://www.machuda.kr/_next/static/chunks/pages/_app-4df02a410eaa6a00.js:0
[  614166ms] [WARNING] The key "maximum-scale-1.0" is not recognized and ignored. @ https://www.machuda.kr/learning/certification/%EB%B9%85%EB%8D%B0%EC%9D%B4%ED%84%B0%EB%B6%84%EC%84%9D%EA%B8%B0%EC%82%AC/written/pastExam/practice/study?page=71&pastExamId=2048&title=2021%EB%85%84%EB%8F%84%202%ED%9A%8C%EC%B0%A8:0
[  614219ms] [INFO] [Notifly] Notifly SDK is not initialized. Requested command will be executed as soon as the SDK is initialized. @ https://www.machuda.kr/_next/static/chunks/pages/_app-4df02a410eaa6a00.js:0
[  614243ms] [INFO] [Notifly] Notifly SDK is not initialized. Requested command will be executed as soon as the SDK is initialized. @ https://www.machuda.kr/_next/static/chunks/pages/_app-4df02a410eaa6a00.js:0
[  614243ms] [INFO] [Notifly] Notifly SDK is not initialized. Requested command will be executed as soon as the SDK is initialized. @ https://www.machuda.kr/_next/static/chunks/pages/_app-4df02a410eaa6a00.js:0
[  614248ms] [WARNING] <meta name="apple-mobile-web-app-capable" content="yes"> is deprecated. Please include <meta name="mobile-web-app-capable" content="yes"> @ https://www.machuda.kr/learning/certification/%EB%B9%85%EB%8D%B0%EC%9D%B4%ED%84%B0%EB%B6%84%EC%84%9D%EA%B8%B0%EC%82%AC/written/pastExam/practice/study?page=71&pastExamId=2048&title=2021%EB%85%84%EB%8F%84%202%ED%9A%8C%EC%B0%A8:0
[  614259ms] [INFO] [Notifly] Notifly SDK is not initialized. Requested command will be executed as soon as the SDK is initialized. @ https://www.machuda.kr/_next/static/chunks/pages/_app-4df02a410eaa6a00.js:0
[  614260ms] [LOG] 🔍 [getPartnerNameByDomain] 입력: {hostname: www.machuda.kr, normalized: www.machuda.kr} @ https://www.machuda.kr/_next/static/chunks/pages/_app-4df02a410eaa6a00.js:0
[  614260ms] [LOG]   ❌ 결과: null @ https://www.machuda.kr/_next/static/chunks/pages/_app-4df02a410eaa6a00.js:0
[  614267ms] [INFO] [Notifly] Notifly SDK is not initialized. Requested command will be executed as soon as the SDK is initialized. @ https://www.machuda.kr/_next/static/chunks/pages/_app-4df02a410eaa6a00.js:0
[  620716ms] [WARNING] The key "maximum-scale-1.0" is not recognized and ignored. @ https://www.machuda.kr/learning/certification/%EB%B9%85%EB%8D%B0%EC%9D%B4%ED%84%B0%EB%B6%84%EC%84%9D%EA%B8%B0%EC%82%AC/written/pastExam/practice/study?page=72&pastExamId=2048&title=2021%EB%85%84%EB%8F%84%202%ED%9A%8C%EC%B0%A8:0
[  620799ms] [INFO] [Notifly] Notifly SDK is not initialized. Requested command will be executed as soon as the SDK is initialized. @ https://www.machuda.kr/_next/static/chunks/pages/_app-4df02a410eaa6a00.js:0
[  620831ms] [INFO] [Notifly] Notifly SDK is not initialized. Requested command will be executed as soon as the SDK is initialized. @ https://www.machuda.kr/_next/static/chunks/pages/_app-4df02a410eaa6a00.js:0
[  620831ms] [INFO] [Notifly] Notifly SDK is not initialized. Requested command will be executed as soon as the SDK is initialized. @ https://www.machuda.kr/_next/static/chunks/pages/_app-4df02a410eaa6a00.js:0
[  620838ms] [WARNING] <meta name="apple-mobile-web-app-capable" content="yes"> is deprecated. Please include <meta name="mobile-web-app-capable" content="yes"> @ https://www.machuda.kr/learning/certification/%EB%B9%85%EB%8D%B0%EC%9D%B4%ED%84%B0%EB%B6%84%EC%84%9D%EA%B8%B0%EC%82%AC/written/pastExam/practice/study?page=72&pastExamId=2048&title=2021%EB%85%84%EB%8F%84%202%ED%9A%8C%EC%B0%A8:0
[  620862ms] [INFO] [Notifly] Notifly SDK is not initialized. Requested command will be executed as soon as the SDK is initialized. @ https://www.machuda.kr/_next/static/chunks/pages/_app-4df02a410eaa6a00.js:0
[  620863ms] [LOG] 🔍 [getPartnerNameByDomain] 입력: {hostname: www.machuda.kr, normalized: www.machuda.kr} @ https://www.machuda.kr/_next/static/chunks/pages/_app-4df02a410eaa6a00.js:0
[  620863ms] [LOG]   ❌ 결과: null @ https://www.machuda.kr/_next/static/chunks/pages/_app-4df02a410eaa6a00.js:0
[  620872ms] [INFO] [Notifly] Notifly SDK is not initialized. Requested command will be executed as soon as the SDK is initialized. @ https://www.machuda.kr/_next/static/chunks/pages/_app-4df02a410eaa6a00.js:0
[  624995ms] [WARNING] The key "maximum-scale-1.0" is not recognized and ignored. @ https://www.machuda.kr/learning/certification/%EB%B9%85%EB%8D%B0%EC%9D%B4%ED%84%B0%EB%B6%84%EC%84%9D%EA%B8%B0%EC%82%AC/written/pastExam/practice/study?page=73&pastExamId=2048&title=2021%EB%85%84%EB%8F%84%202%ED%9A%8C%EC%B0%A8:0
[  625051ms] [INFO] [Notifly] Notifly SDK is not initialized. Requested command will be executed as soon as the SDK is initialized. @ https://www.machuda.kr/_next/static/chunks/pages/_app-4df02a410eaa6a00.js:0
[  625075ms] [INFO] [Notifly] Notifly SDK is not initialized. Requested command will be executed as soon as the SDK is initialized. @ https://www.machuda.kr/_next/static/chunks/pages/_app-4df02a410eaa6a00.js:0
[  625076ms] [INFO] [Notifly] Notifly SDK is not initialized. Requested command will be executed as soon as the SDK is initialized. @ https://www.machuda.kr/_next/static/chunks/pages/_app-4df02a410eaa6a00.js:0
[  625081ms] [WARNING] <meta name="apple-mobile-web-app-capable" content="yes"> is deprecated. Please include <meta name="mobile-web-app-capable" content="yes"> @ https://www.machuda.kr/learning/certification/%EB%B9%85%EB%8D%B0%EC%9D%B4%ED%84%B0%EB%B6%84%EC%84%9D%EA%B8%B0%EC%82%AC/written/pastExam/practice/study?page=73&pastExamId=2048&title=2021%EB%85%84%EB%8F%84%202%ED%9A%8C%EC%B0%A8:0
[  625092ms] [INFO] [Notifly] Notifly SDK is not initialized. Requested command will be executed as soon as the SDK is initialized. @ https://www.machuda.kr/_next/static/chunks/pages/_app-4df02a410eaa6a00.js:0
[  625095ms] [LOG] 🔍 [getPartnerNameByDomain] 입력: {hostname: www.machuda.kr, normalized: www.machuda.kr} @ https://www.machuda.kr/_next/static/chunks/pages/_app-4df02a410eaa6a00.js:0
[  625096ms] [LOG]   ❌ 결과: null @ https://www.machuda.kr/_next/static/chunks/pages/_app-4df02a410eaa6a00.js:0
[  625102ms] [INFO] [Notifly] Notifly SDK is not initialized. Requested command will be executed as soon as the SDK is initialized. @ https://www.machuda.kr/_next/static/chunks/pages/_app-4df02a410eaa6a00.js:0
[  629220ms] [WARNING] The key "maximum-scale-1.0" is not recognized and ignored. @ https://www.machuda.kr/learning/certification/%EB%B9%85%EB%8D%B0%EC%9D%B4%ED%84%B0%EB%B6%84%EC%84%9D%EA%B8%B0%EC%82%AC/written/pastExam/practice/study?page=74&pastExamId=2048&title=2021%EB%85%84%EB%8F%84%202%ED%9A%8C%EC%B0%A8:0
[  629279ms] [INFO] [Notifly] Notifly SDK is not initialized. Requested command will be executed as soon as the SDK is initialized. @ https://www.machuda.kr/_next/static/chunks/pages/_app-4df02a410eaa6a00.js:0
[  629306ms] [INFO] [Notifly] Notifly SDK is not initialized. Requested command will be executed as soon as the SDK is initialized. @ https://www.machuda.kr/_next/static/chunks/pages/_app-4df02a410eaa6a00.js:0
[  629306ms] [INFO] [Notifly] Notifly SDK is not initialized. Requested command will be executed as soon as the SDK is initialized. @ https://www.machuda.kr/_next/static/chunks/pages/_app-4df02a410eaa6a00.js:0
[  629310ms] [WARNING] <meta name="apple-mobile-web-app-capable" content="yes"> is deprecated. Please include <meta name="mobile-web-app-capable" content="yes"> @ https://www.machuda.kr/learning/certification/%EB%B9%85%EB%8D%B0%EC%9D%B4%ED%84%B0%EB%B6%84%EC%84%9D%EA%B8%B0%EC%82%AC/written/pastExam/practice/study?page=74&pastExamId=2048&title=2021%EB%85%84%EB%8F%84%202%ED%9A%8C%EC%B0%A8:0
[  629325ms] [INFO] [Notifly] Notifly SDK is not initialized. Requested command will be executed as soon as the SDK is initialized. @ https://www.machuda.kr/_next/static/chunks/pages/_app-4df02a410eaa6a00.js:0
[  629326ms] [LOG] 🔍 [getPartnerNameByDomain] 입력: {hostname: www.machuda.kr, normalized: www.machuda.kr} @ https://www.machuda.kr/_next/static/chunks/pages/_app-4df02a410eaa6a00.js:0
[  629328ms] [LOG]   ❌ 결과: null @ https://www.machuda.kr/_next/static/chunks/pages/_app-4df02a410eaa6a00.js:0
[  629335ms] [INFO] [Notifly] Notifly SDK is not initialized. Requested command will be executed as soon as the SDK is initialized. @ https://www.machuda.kr/_next/static/chunks/pages/_app-4df02a410eaa6a00.js:0
[  633583ms] [WARNING] The key "maximum-scale-1.0" is not recognized and ignored. @ https://www.machuda.kr/learning/certification/%EB%B9%85%EB%8D%B0%EC%9D%B4%ED%84%B0%EB%B6%84%EC%84%9D%EA%B8%B0%EC%82%AC/written/pastExam/practice/study?page=75&pastExamId=2048&title=2021%EB%85%84%EB%8F%84%202%ED%9A%8C%EC%B0%A8:0
[  633643ms] [INFO] [Notifly] Notifly SDK is not initialized. Requested command will be executed as soon as the SDK is initialized. @ https://www.machuda.kr/_next/static/chunks/pages/_app-4df02a410eaa6a00.js:0
[  633669ms] [INFO] [Notifly] Notifly SDK is not initialized. Requested command will be executed as soon as the SDK is initialized. @ https://www.machuda.kr/_next/static/chunks/pages/_app-4df02a410eaa6a00.js:0
[  633669ms] [INFO] [Notifly] Notifly SDK is not initialized. Requested command will be executed as soon as the SDK is initialized. @ https://www.machuda.kr/_next/static/chunks/pages/_app-4df02a410eaa6a00.js:0
[  633674ms] [WARNING] <meta name="apple-mobile-web-app-capable" content="yes"> is deprecated. Please include <meta name="mobile-web-app-capable" content="yes"> @ https://www.machuda.kr/learning/certification/%EB%B9%85%EB%8D%B0%EC%9D%B4%ED%84%B0%EB%B6%84%EC%84%9D%EA%B8%B0%EC%82%AC/written/pastExam/practice/study?page=75&pastExamId=2048&title=2021%EB%85%84%EB%8F%84%202%ED%9A%8C%EC%B0%A8:0
[  633694ms] [INFO] [Notifly] Notifly SDK is not initialized. Requested command will be executed as soon as the SDK is initialized. @ https://www.machuda.kr/_next/static/chunks/pages/_app-4df02a410eaa6a00.js:0
[  633695ms] [LOG] 🔍 [getPartnerNameByDomain] 입력: {hostname: www.machuda.kr, normalized: www.machuda.kr} @ https://www.machuda.kr/_next/static/chunks/pages/_app-4df02a410eaa6a00.js:0
[  633695ms] [LOG]   ❌ 결과: null @ https://www.machuda.kr/_next/static/chunks/pages/_app-4df02a410eaa6a00.js:0
[  633700ms] [INFO] [Notifly] Notifly SDK is not initialized. Requested command will be executed as soon as the SDK is initialized. @ https://www.machuda.kr/_next/static/chunks/pages/_app-4df02a410eaa6a00.js:0
[  639938ms] [WARNING] The key "maximum-scale-1.0" is not recognized and ignored. @ https://www.machuda.kr/learning/certification/%EB%B9%85%EB%8D%B0%EC%9D%B4%ED%84%B0%EB%B6%84%EC%84%9D%EA%B8%B0%EC%82%AC/written/pastExam/practice/study?page=76&pastExamId=2048&title=2021%EB%85%84%EB%8F%84%202%ED%9A%8C%EC%B0%A8:0
[  640002ms] [INFO] [Notifly] Notifly SDK is not initialized. Requested command will be executed as soon as the SDK is initialized. @ https://www.machuda.kr/_next/static/chunks/pages/_app-4df02a410eaa6a00.js:0
[  640032ms] [INFO] [Notifly] Notifly SDK is not initialized. Requested command will be executed as soon as the SDK is initialized. @ https://www.machuda.kr/_next/static/chunks/pages/_app-4df02a410eaa6a00.js:0
[  640032ms] [INFO] [Notifly] Notifly SDK is not initialized. Requested command will be executed as soon as the SDK is initialized. @ https://www.machuda.kr/_next/static/chunks/pages/_app-4df02a410eaa6a00.js:0
[  640038ms] [WARNING] <meta name="apple-mobile-web-app-capable" content="yes"> is deprecated. Please include <meta name="mobile-web-app-capable" content="yes"> @ https://www.machuda.kr/learning/certification/%EB%B9%85%EB%8D%B0%EC%9D%B4%ED%84%B0%EB%B6%84%EC%84%9D%EA%B8%B0%EC%82%AC/written/pastExam/practice/study?page=76&pastExamId=2048&title=2021%EB%85%84%EB%8F%84%202%ED%9A%8C%EC%B0%A8:0
[  640058ms] [INFO] [Notifly] Notifly SDK is not initialized. Requested command will be executed as soon as the SDK is initialized. @ https://www.machuda.kr/_next/static/chunks/pages/_app-4df02a410eaa6a00.js:0
[  640060ms] [LOG] 🔍 [getPartnerNameByDomain] 입력: {hostname: www.machuda.kr, normalized: www.machuda.kr} @ https://www.machuda.kr/_next/static/chunks/pages/_app-4df02a410eaa6a00.js:0
[  640061ms] [LOG]   ❌ 결과: null @ https://www.machuda.kr/_next/static/chunks/pages/_app-4df02a410eaa6a00.js:0
[  640066ms] [INFO] [Notifly] Notifly SDK is not initialized. Requested command will be executed as soon as the SDK is initialized. @ https://www.machuda.kr/_next/static/chunks/pages/_app-4df02a410eaa6a00.js:0
[  644201ms] [WARNING] The key "maximum-scale-1.0" is not recognized and ignored. @ https://www.machuda.kr/learning/certification/%EB%B9%85%EB%8D%B0%EC%9D%B4%ED%84%B0%EB%B6%84%EC%84%9D%EA%B8%B0%EC%82%AC/written/pastExam/practice/study?page=77&pastExamId=2048&title=2021%EB%85%84%EB%8F%84%202%ED%9A%8C%EC%B0%A8:0
[  644255ms] [INFO] [Notifly] Notifly SDK is not initialized. Requested command will be executed as soon as the SDK is initialized. @ https://www.machuda.kr/_next/static/chunks/pages/_app-4df02a410eaa6a00.js:0
[  644282ms] [INFO] [Notifly] Notifly SDK is not initialized. Requested command will be executed as soon as the SDK is initialized. @ https://www.machuda.kr/_next/static/chunks/pages/_app-4df02a410eaa6a00.js:0
[  644282ms] [INFO] [Notifly] Notifly SDK is not initialized. Requested command will be executed as soon as the SDK is initialized. @ https://www.machuda.kr/_next/static/chunks/pages/_app-4df02a410eaa6a00.js:0
[  644285ms] [WARNING] <meta name="apple-mobile-web-app-capable" content="yes"> is deprecated. Please include <meta name="mobile-web-app-capable" content="yes"> @ https://www.machuda.kr/learning/certification/%EB%B9%85%EB%8D%B0%EC%9D%B4%ED%84%B0%EB%B6%84%EC%84%9D%EA%B8%B0%EC%82%AC/written/pastExam/practice/study?page=77&pastExamId=2048&title=2021%EB%85%84%EB%8F%84%202%ED%9A%8C%EC%B0%A8:0
[  644301ms] [INFO] [Notifly] Notifly SDK is not initialized. Requested command will be executed as soon as the SDK is initialized. @ https://www.machuda.kr/_next/static/chunks/pages/_app-4df02a410eaa6a00.js:0
[  644302ms] [LOG] 🔍 [getPartnerNameByDomain] 입력: {hostname: www.machuda.kr, normalized: www.machuda.kr} @ https://www.machuda.kr/_next/static/chunks/pages/_app-4df02a410eaa6a00.js:0
[  644302ms] [LOG]   ❌ 결과: null @ https://www.machuda.kr/_next/static/chunks/pages/_app-4df02a410eaa6a00.js:0
[  644307ms] [INFO] [Notifly] Notifly SDK is not initialized. Requested command will be executed as soon as the SDK is initialized. @ https://www.machuda.kr/_next/static/chunks/pages/_app-4df02a410eaa6a00.js:0
[  648448ms] [WARNING] The key "maximum-scale-1.0" is not recognized and ignored. @ https://www.machuda.kr/learning/certification/%EB%B9%85%EB%8D%B0%EC%9D%B4%ED%84%B0%EB%B6%84%EC%84%9D%EA%B8%B0%EC%82%AC/written/pastExam/practice/study?page=78&pastExamId=2048&title=2021%EB%85%84%EB%8F%84%202%ED%9A%8C%EC%B0%A8:0
[  648502ms] [INFO] [Notifly] Notifly SDK is not initialized. Requested command will be executed as soon as the SDK is initialized. @ https://www.machuda.kr/_next/static/chunks/pages/_app-4df02a410eaa6a00.js:0
[  648522ms] [INFO] [Notifly] Notifly SDK is not initialized. Requested command will be executed as soon as the SDK is initialized. @ https://www.machuda.kr/_next/static/chunks/pages/_app-4df02a410eaa6a00.js:0
[  648523ms] [INFO] [Notifly] Notifly SDK is not initialized. Requested command will be executed as soon as the SDK is initialized. @ https://www.machuda.kr/_next/static/chunks/pages/_app-4df02a410eaa6a00.js:0
[  648528ms] [WARNING] <meta name="apple-mobile-web-app-capable" content="yes"> is deprecated. Please include <meta name="mobile-web-app-capable" content="yes"> @ https://www.machuda.kr/learning/certification/%EB%B9%85%EB%8D%B0%EC%9D%B4%ED%84%B0%EB%B6%84%EC%84%9D%EA%B8%B0%EC%82%AC/written/pastExam/practice/study?page=78&pastExamId=2048&title=2021%EB%85%84%EB%8F%84%202%ED%9A%8C%EC%B0%A8:0
[  648537ms] [INFO] [Notifly] Notifly SDK is not initialized. Requested command will be executed as soon as the SDK is initialized. @ https://www.machuda.kr/_next/static/chunks/pages/_app-4df02a410eaa6a00.js:0
[  648537ms] [LOG] 🔍 [getPartnerNameByDomain] 입력: {hostname: www.machuda.kr, normalized: www.machuda.kr} @ https://www.machuda.kr/_next/static/chunks/pages/_app-4df02a410eaa6a00.js:0
[  648538ms] [LOG]   ❌ 결과: null @ https://www.machuda.kr/_next/static/chunks/pages/_app-4df02a410eaa6a00.js:0
[  648545ms] [INFO] [Notifly] Notifly SDK is not initialized. Requested command will be executed as soon as the SDK is initialized. @ https://www.machuda.kr/_next/static/chunks/pages/_app-4df02a410eaa6a00.js:0
[  652690ms] [WARNING] The key "maximum-scale-1.0" is not recognized and ignored. @ https://www.machuda.kr/learning/certification/%EB%B9%85%EB%8D%B0%EC%9D%B4%ED%84%B0%EB%B6%84%EC%84%9D%EA%B8%B0%EC%82%AC/written/pastExam/practice/study?page=79&pastExamId=2048&title=2021%EB%85%84%EB%8F%84%202%ED%9A%8C%EC%B0%A8:0
[  652749ms] [INFO] [Notifly] Notifly SDK is not initialized. Requested command will be executed as soon as the SDK is initialized. @ https://www.machuda.kr/_next/static/chunks/pages/_app-4df02a410eaa6a00.js:0
[  652772ms] [INFO] [Notifly] Notifly SDK is not initialized. Requested command will be executed as soon as the SDK is initialized. @ https://www.machuda.kr/_next/static/chunks/pages/_app-4df02a410eaa6a00.js:0
[  652772ms] [INFO] [Notifly] Notifly SDK is not initialized. Requested command will be executed as soon as the SDK is initialized. @ https://www.machuda.kr/_next/static/chunks/pages/_app-4df02a410eaa6a00.js:0
[  652778ms] [WARNING] <meta name="apple-mobile-web-app-capable" content="yes"> is deprecated. Please include <meta name="mobile-web-app-capable" content="yes"> @ https://www.machuda.kr/learning/certification/%EB%B9%85%EB%8D%B0%EC%9D%B4%ED%84%B0%EB%B6%84%EC%84%9D%EA%B8%B0%EC%82%AC/written/pastExam/practice/study?page=79&pastExamId=2048&title=2021%EB%85%84%EB%8F%84%202%ED%9A%8C%EC%B0%A8:0
[  652788ms] [INFO] [Notifly] Notifly SDK is not initialized. Requested command will be executed as soon as the SDK is initialized. @ https://www.machuda.kr/_next/static/chunks/pages/_app-4df02a410eaa6a00.js:0
[  652789ms] [LOG] 🔍 [getPartnerNameByDomain] 입력: {hostname: www.machuda.kr, normalized: www.machuda.kr} @ https://www.machuda.kr/_next/static/chunks/pages/_app-4df02a410eaa6a00.js:0
[  652789ms] [LOG]   ❌ 결과: null @ https://www.machuda.kr/_next/static/chunks/pages/_app-4df02a410eaa6a00.js:0
[  652796ms] [INFO] [Notifly] Notifly SDK is not initialized. Requested command will be executed as soon as the SDK is initialized. @ https://www.machuda.kr/_next/static/chunks/pages/_app-4df02a410eaa6a00.js:0
[  659208ms] [WARNING] The key "maximum-scale-1.0" is not recognized and ignored. @ https://www.machuda.kr/learning/certification/%EB%B9%85%EB%8D%B0%EC%9D%B4%ED%84%B0%EB%B6%84%EC%84%9D%EA%B8%B0%EC%82%AC/written/pastExam/practice/study?page=80&pastExamId=2048&title=2021%EB%85%84%EB%8F%84%202%ED%9A%8C%EC%B0%A8:0
[  659267ms] [INFO] [Notifly] Notifly SDK is not initialized. Requested command will be executed as soon as the SDK is initialized. @ https://www.machuda.kr/_next/static/chunks/pages/_app-4df02a410eaa6a00.js:0
[  659301ms] [INFO] [Notifly] Notifly SDK is not initialized. Requested command will be executed as soon as the SDK is initialized. @ https://www.machuda.kr/_next/static/chunks/pages/_app-4df02a410eaa6a00.js:0
[  659301ms] [INFO] [Notifly] Notifly SDK is not initialized. Requested command will be executed as soon as the SDK is initialized. @ https://www.machuda.kr/_next/static/chunks/pages/_app-4df02a410eaa6a00.js:0
[  659305ms] [WARNING] <meta name="apple-mobile-web-app-capable" content="yes"> is deprecated. Please include <meta name="mobile-web-app-capable" content="yes"> @ https://www.machuda.kr/learning/certification/%EB%B9%85%EB%8D%B0%EC%9D%B4%ED%84%B0%EB%B6%84%EC%84%9D%EA%B8%B0%EC%82%AC/written/pastExam/practice/study?page=80&pastExamId=2048&title=2021%EB%85%84%EB%8F%84%202%ED%9A%8C%EC%B0%A8:0
[  659330ms] [INFO] [Notifly] Notifly SDK is not initialized. Requested command will be executed as soon as the SDK is initialized. @ https://www.machuda.kr/_next/static/chunks/pages/_app-4df02a410eaa6a00.js:0
[  659331ms] [LOG] 🔍 [getPartnerNameByDomain] 입력: {hostname: www.machuda.kr, normalized: www.machuda.kr} @ https://www.machuda.kr/_next/static/chunks/pages/_app-4df02a410eaa6a00.js:0
[  659331ms] [LOG]   ❌ 결과: null @ https://www.machuda.kr/_next/static/chunks/pages/_app-4df02a410eaa6a00.js:0
[  659340ms] [INFO] [Notifly] Notifly SDK is not initialized. Requested command will be executed as soon as the SDK is initialized. @ https://www.machuda.kr/_next/static/chunks/pages/_app-4df02a410eaa6a00.js:0
